id,project,text_id,genre,provenance,period,start_year,end_year,transliteration,normalization,lemmatization,unicode,translation,total_tokens,tokens_without_broken
saao/saa01_P314227,saao/saa01,P314227,Administrative Letter,Nineveh,Neo-Assyrian,-911,-612,"[a-na LUGAL be-li₂]-ia₂
[ARAD-ka {1}ki-ṣir—aš-šur lu] DI-mu a-⸢na⸣
[LUGAL be-li₂-ia₂ ša LUGAL] ⸢be⸣-li₂ iš-⸢pur-an-ni⸣
[ma-a x x x x]-ia ina IGI
[x x x x x x]+⸢x⸣ a-na-ku
[x x x x up]-⸢ta⸣-at-ti\t-iu-u
[x x x x KI].TA-uš-šu₂ ip-taq-⸢du⸣
[x x x x]-⸢ni⸣ u₂\m-sa-hi\p-ru\d
[x x x up]-⸢ta⸣-at-ti\t-iu-u
[x x x {lu₂v}DIB]—{⸢kuš⸣}PA-MEŠ\m šu-u₂\m
[x x x x x] {⸢uru}NINA⸣ [x x]
[x x x x]-⸢MEŠ⸣ ša\d {uru}ŠA₃—⸢URU⸣ [x x]-li\d-šu₂-nu
[x x x ša] {⸢uru⸣}arba-il₃ ša\d {uru}[x x]
[x x x x x] {lu₂v}qa-tin-ni
[x x x x x x x]-⸢bu⸣-tu₂
[x x x x x x x] ⸢da na⸣
[x x x x x x x x]","ana šarri bēlīya
urdaka Kiṣir-Aššur lū šulmu ana
šarri bēlīya ša šarru bēlī išpuranni
mā UNK UNK UNK UNK ina pān
UNK UNK UNK UNK UNK UNK anāku
UNK UNK UNK UNK uptattiʾu
UNK UNK UNK UNK šapluššu iptaqdu
UNK UNK UNK UNK ussahhiru
UNK UNK UNK uptattiʾu
UNK UNK UNK mukīl appāti šû
UNK UNK UNK UNK UNK Ninua UNK UNK
UNK UNK UNK UNK ša Libbi-ali UNK UNK
UNK UNK UNK ša Arbail ša x UNK
UNK UNK UNK UNK UNK qatinni
UNK UNK UNK UNK UNK UNK UNK
UNK UNK UNK UNK UNK UNK UNK UNK UNK
UNK UNK UNK UNK UNK UNK UNK UNK","ana šarru bēlu
ardu Kiṣir-Aššur lū šulmu ana
šarru bēlu ša šarru bēlu šapāru
mā UNK UNK UNK UNK ina pānu
UNK UNK UNK UNK UNK UNK anāku
UNK UNK UNK UNK petû
UNK UNK UNK UNK šaplu paqādu
UNK UNK UNK UNK sahāru
UNK UNK UNK petû
UNK UNK UNK mukillu appatu šū
UNK UNK UNK UNK UNK Ninua UNK UNK
UNK UNK UNK UNK ša Libbi-ali UNK UNK
UNK UNK UNK ša Arbail ša x UNK
UNK UNK UNK UNK UNK qattinu
UNK UNK UNK UNK UNK UNK UNK
UNK UNK UNK UNK UNK UNK UNK UNK UNK
UNK UNK UNK UNK UNK UNK UNK UNK","𒀀𒈾 𒈗 𒁁𒉌𒐊
𒀴𒅗 𒁹𒆠𒈲𒀸𒋩 𒇻 𒁲𒈬 𒀀𒈾
𒈗 𒁁𒉌𒐊 𒊭 𒈗 𒁁𒉌 𒅖𒁓𒀭𒉌
𒈠𒀀 x x x x𒅀 𒀸 𒅆
x x x x x x 𒀀𒈾𒆪
x x x x 𒌒𒋫𒀜𒋾𒅀𒌋
x x x x 𒆠𒋫𒍑𒋙 𒅁𒋳𒁺
x x x x𒉌 𒌑𒊓𒄭𒊒
x x x 𒌒𒋫𒀜𒋾𒅀𒌋
x x x 𒁳𒋢𒉺𒎌 𒁳𒋢𒉺𒎌 𒋗𒌑
x x x x x 𒌷𒀏 x x
x x x x𒎌 𒊭 𒌷𒊮𒌷 x x𒇷𒋙𒉡
x x x 𒊭 𒌷𒇹𒀭 𒊭 𒌷x x
x x x x x 𒋡𒁷𒉌
x x x x x x x𒁍𒌓
x x x x x x x 𒁕 𒈾
x x x x x x x x","[To the king], my [lord: your servant Kiṣir-Aššur. Good] health to [the king, my lord!
As to what the king] my lord wrote to me:
""[......] in the presence
[of......]!"" I
[......] they discharged
[......] appointed under him
[......] again
[......] they discharged
[......] he is a [chariot d]river
[......] Nineveh [...]
[......] of the Inner City [...] their
[...... of] Arbela and [...]
[......] tiller",107,62
saao/saa01_P313458,saao/saa01,P313458,Administrative Letter,Nineveh,Neo-Assyrian,-911,-612,"[a-na LUGAL] EN-⸢ia⸣ ARAD-⸢ka⸣ {1}hu-un-ni-i]
[lu-u] ⸢šul⸣-mu a-na ⸢LUGAL EN⸣-ia₂ {d}AG\d u {⸢d⸣}[AMAR.UTU a-na LUGAL EN-ia₂]
[lik-ru-bu] UD-MEŠ SUD-MEŠ ⸢ṭu⸣-ub ŠA₃-bi ṭu-ub [UZU-MEŠ ši-bu-tu₂ lit-tu₂-tu]
{[giš]}⸢TUKUL⸣ dan-nu BALA GID₂.DA MU.AN.NA-MEŠ am—mar ⸢ša\p⸣ [x x x x x]
[a-na] ⸢LUGAL⸣ EN-ia₂ lid-di-nu KUR.KUR-MEŠ DU₃.A.BI [ina KI.TA GIR₃.2-ka]
[lu]-⸢šak\t⸣-bi-su\p LUGAL be-li₂ SIPA ke-e-nu ina [x x x x x]
[ke]-niš li-ir-ta-ʾe-e-ši-na re-ʾu-u-⸢si⸣-[na le-pu-uš]
⸢ṣe⸣-e-ni ina UGU ṣe-e-ni-ka aš-šur d.EN u {d}PA [lu-rad-di-u]
lid-di-nu-nik-ka tar-ba-ṣa-ka DAGAL-MEŠ\m lu-ša₂-⸢an⸣-[di-lu]
UN-MEŠ KUR.KUR lu a-lik-u₂-ti\d a-na IGI-MEŠ-ka LUGAL be-⸢li₂⸣ [x x]
⸢at⸣-ta lu-u E₂.KUR ša LUGAL-MEŠ-ni am—mar ZI-MEŠ-šu₂ ina KI.TA [GIR₃.2-ka]
⸢i⸣-ša₂-kan-u-ni u₃ MUN-ka i-na-ṣar-u-ni DINGIR-MEŠ-ka ana re-e-[me]
⸢ina⸣ IGI-ka i-ša₂-⸢ku-nu⸣-šu₂ ki-i ša₂ UD-me an-ni-i tu-lab-ba-aš₂ ta-⸢kar⸣-[rab-šu₂]
⸢la⸣ na-⸢ṣir⸣ [MUN]-ka ina kip-pi hu-ha-ri ša₂ aš-šur i-ma-⸢qut⸣ [o]
[x x] si ⸢x⸣+[x x]-⸢a⸣-ti\d KA₂\dp-MEŠ-ka u₂-ša₂-an-[x x]
[dul-lu ša LUGAL iš-pur]-⸢an⸣-ni šu-u-tu₂ ina ši-a-ri ne₂-⸢pa⸣-[aš₂]
a-di 04 UD-MEŠ si-mu-nu
⸢u₂-qar-x x⸣ ma\m-a si-mu\p-nu
a-na 01 UD-me ni-qar-rib UD 14-KAM₂\t te-⸢x⸣-tu₂ [o]
UD 15-KAM₂\t ina E₂—DINGIR ni-bi-ad [o]
u₂-ma-a im—mat ⸢LUGAL i⸣-qab-⸢bu⸣-[u-ni x x x]
ina UGU ⸢ra-ma⸣-ki—ša—KA u₂-[x x x x]
li\t-⸢x⸣-lik ina pa [x x x x]","ana šarri bēlīya urdaka Hunni
lū šulmu ana šarri bēlīya Nabu u Marduk ana šarri bēlīya
likrubu ūmāti rūqūti ṭūb libbi ṭūb šīrāni šībūtu littūtu
kakku dannu palû arku šanāti ammar ša UNK UNK UNK UNK UNK
ana šarri bēlīya liddinu mātāti kalāma ina šapal šēpēka
lušakbisu šarru bēlī rāʾyu kēnu ina UNK UNK UNK UNK UNK
kēniš lirtaʾešina rāʾiūssina lēpuš
ṣēnī ina muhhi ṣēnīka Aššur Bel u Nabu luraddiu
liddinūnikka tarbāṣaka rapšu lušandilu
nišē mātāti lū ālikūti ana pānīka šarru bēlī UNK UNK
atta lū ēkurru ša šarrāni ammar nupšātīšu ina šapal šēpēka
išakkanūni u ṭābatka inaṣṣarūni ilānīka ana rēme
ina pānīka išakkunūšu kî ša ūme annî tulabbaš takarrabšu
lā naṣir ṭābatka ina kippi huhāri ša Aššur imaqqut UNK
UNK UNK UNK UNK UNK bābātēka UNK UNK
dullu ša šarru išpuranni šūtu ina šiāri neppaš
adi UNK ūmāti simunu
UNK UNK mā simunu
ana UNK ūme niqarrib ūm UNK UNK UNK
ūm UNK ina bēt ili nibīad UNK
ūmâ ina mat šarru iqabbûni UNK UNK UNK
ina muhhi ramāki ša pî UNK UNK UNK UNK
UNK ina UNK UNK UNK UNK UNK","ana šarru bēlu ardu Hunni
lū šulmu ana šarru bēlu Nabu u Marduk ana šarru bēlu
karābu ūmu rūqu ṭūbu libbu ṭūbu šīru šībūtu littūtu
kakku dannu palû arku šattu ammar ša UNK UNK UNK UNK UNK
ana šarru bēlu tadānu mātu kalāma ina šaplu šēpu
kabāsu šarru bēlu rēʾû kīnu ina UNK UNK UNK UNK UNK
kīniš reʾû rēʾûtu epēšu
ṣēnu ina muhhu ṣēnu Aššur Bel u Nabu redû
tadānu tarbaṣu rapšu šadālu
nišu mātu lū āliku ana pānu šarru bēlu UNK UNK
atta lū ēkurru ša šarru ammar napištu ina šaplu šēpu
šakānu u ṭābtu naṣāru ilu ana rēmu
ina pānu šakānu kī ša ūmu annû labāšu karābu
lā naṣru ṭābtu ina kippu huhāru ša Aššur maqātu UNK
UNK UNK UNK UNK UNK bābu UNK UNK
dullu ša šarru šapāru šūtu ina šiāru epēšu
adi UNK ūmu simānu
UNK UNK mā simānu
ana UNK ūmu qerēbu ūmu UNK UNK UNK
ūmu UNK ina bītu ilu biātu UNK
ūma ina mati šarru qabû UNK UNK UNK
ina muhhu ramāku ša pû UNK UNK UNK UNK
UNK ina UNK UNK UNK UNK UNK","𒀀𒈾 𒈗 𒂗𒅀 𒀴𒅗 𒁹𒄷𒌦𒉌𒄿
𒇻𒌋 𒂄𒈬 𒀀𒈾 𒈗 𒂗𒐊 𒀭𒀝 𒌋 𒀭𒀫𒌓 𒀀𒈾 𒈗 𒂗𒐊
𒌨𒊒𒁍 𒌓𒎌 𒋤𒎌 𒂅𒌒 𒊮𒁉 𒂅𒌒 𒍜𒎌 𒅆𒁍𒌓 𒀖𒌓𒌅
𒄑𒆪 𒆗𒉡 𒁄 𒁍𒁕 𒈬𒀭𒈾𒎌 𒄠𒈥 𒊭 x x x x x
𒀀𒈾 𒈗 𒂗𒐊 𒀖𒁲𒉡 𒆳𒆳𒎌 𒆕𒀀𒁉 𒀸 𒆠𒋫 𒄊𒈫𒅗
𒇻𒊕𒁉𒋢 𒈗 𒁁𒉌 𒉺𒇻 𒆠𒂊𒉡 𒀸 x x x x x
𒆠𒎙 𒇷𒅕𒋫𒀪𒂊𒅆𒈾 𒊑𒀪𒌋𒋛𒈾 𒇷𒁍𒍑
𒍢𒂊𒉌 𒀸 𒌋𒅗 𒍢𒂊𒉌𒅗 𒀸𒋩 𒀭𒂗 𒌋 𒀭𒉺 𒇻𒋥𒁲𒌋
𒀖𒁲𒉡𒊩𒌨𒅗 𒋻𒁀𒍝𒅗 𒂼𒎌 𒇻𒃻𒀭𒁲𒇻
𒌦𒎌 𒆳𒆳 𒇻 𒀀𒌨𒌑𒋾 𒀀𒈾 𒅆𒎌𒅗 𒈗 𒁁𒉌 x x
𒀜𒋫 𒇻𒌋 𒂍𒆳 𒊭 𒈗𒎌𒉌 𒄠𒈥 𒍣𒎌𒋙 𒀸 𒆠𒋫 𒄊𒈫𒅗
𒄿𒃻𒃶𒌋𒉌 𒅇 𒁵𒅗 𒄿𒈾𒇡𒌋𒉌 𒀭𒎌𒅗 𒁹 𒊑𒂊𒈨
𒀸 𒅆𒅗 𒄿𒃻𒆪𒉡𒋙 𒆠𒄿 𒃻 𒌓𒈨 𒀭𒉌𒄿 𒌅𒆗𒁀𒀾 𒋫𒋼𒀀𒊐𒋙
𒆷 𒈾𒈲 𒁵𒅗 𒀸 𒄒𒉿 𒄷𒄩𒊑 𒃻 𒀸𒋩 𒄿𒈠𒋻 o
x x 𒋛 x x𒀀𒋾 𒆍𒎌𒅗 𒌑𒃻𒀭x x
𒌋𒌆𒇻 𒊭 𒈗 𒅖𒁓𒀭𒉌 𒋗𒌋𒌓 𒀸 𒅆𒀀𒊑 𒉌𒉺𒀾
𒀀𒁲 𒐉 𒌓𒎌 𒋛𒈬𒉡
𒌑𒃼 𒈠𒀀 𒋛𒈬𒉡
𒀀𒈾 𒁹 𒌓𒈨 𒉌𒃼𒆗 𒌓 𒌋𒐉𒆚 𒋼𒌓 o
𒌓 15𒆚 𒀸 𒂍𒀭 𒂍𒀭 𒉌𒁉𒀜 o
𒌑𒈠𒀀 𒅎𒆳 𒅎𒆳 𒈗 𒄿𒃮𒁍𒌋𒉌 x x x
𒀸 𒌋𒅗 𒊏𒈠𒆠𒊭𒅗 𒊏𒈠𒆠𒊭𒅗 𒊏𒈠𒆠𒊭𒅗 𒌑x x x x
𒇷𒌨 𒀸 𒉺 x x x x","[To the king m]y lord: your servant [Hunnî]. Good health to the king, my lord! [May] Nabû and [Marduk bless the king, my lord]! May they give the king my lord a long life, peace of mind and good hea[lth, extreme old age], a strong army, a long reign and as many years as [......]; may they make all countries submit themselves [to you]!
May the king, my lord, the good shepherd [......] truly tend and shepherd them; may Aššur, Bel and Nabû [add] flocks to your flocks, give them to you, and enlarge your spacious fold; may the peoples of all the countries come into your presence!
O king, my lord, may you be the temple of kings! Each and everone who lays down his life under [your feet] and keeps your treaty, will be pardoned in your presence by your gods, and you will dress him (in purple) and bl[ess him] as today; but whoever does not keep your [treaty] will fall into Aššur's noose and trap and [...] the ja[mb]s of your gates.
We shall perform [the ritual of which the king wr]ote to me tomorrow.
Within four days,... the time (for the ritual). He (said): ""(It is) time"".
We shall arrive (in the Inner City) on the 1st; the... is on the 14th; we shall spend the night in the temple on the 15th.
Now, [......] whenever the king orders.
As to the Washing-of-the-Mouth (ceremony) [......",179,167
saao/saa01_P334317,saao/saa01,P334317,Administrative Letter,Nineveh,Neo-Assyrian,-911,-612,"13 KUŠ₃ mu-lu-u 04 KUŠ₃ DAGAL E₂—dan-ni
[x KUŠ₃] mu-lu-u 04 KUŠ₃ DAGAL E₂ qal₃\dp-lu
[x KUŠ₃] mu-lu-u 03 KUŠ₃ ru-ṭu DAGAL 04-šu₂ ta-ʾu-ma-te
[x KUŠ₃] ru-ṭu mu-lu-u 03 KUŠ₃ DAGAL 02-šu₂ KI.MIN
[PAB 08 {giš}IG-MEŠ ta-ʾu-u₂-ma-a-te
[x KUŠ₃ mu]-lu-u 03 KUŠ₃ ru-ṭu 01 DIL-ni-tu₂
[x KUŠ₃ mu-lu-u] 03 KUŠ₃ DAGAL 12
[x KUŠ₃ mu-lu-u] 03 KUŠ₃ DAGAL 15 ku-si-mat
[PAB 28 {giš]}⸢IG⸣-MEŠ DIL-na-te
[PAB 36 {⸢giš⸣}IG-MEŠ","UNK ammāti mūlû UNK ammāti rupšu bēt danni
UNK ammāti mūlû UNK ammāti rupšu bēt qallu
UNK ammāti mūlû UNK ammāti rūṭu rupšu arbīšu taʾʾumāte
UNK ammāti rūṭu mūlû UNK ammāti rupšu šinīšu šanīš
gimru UNK dalāti taʾʾumāte
UNK ammāti mūlû UNK ammāti rūṭu UNK ēdēnītu
UNK ammāti mūlû UNK ammāti rupšu UNK
UNK ammāti mūlû UNK ammāti rupšu UNK kussimāt
gimru UNK dalāti ēdēnāte
gimru UNK dalāti","UNK ammatu mūlû UNK ammatu rupšu bītu dannu
UNK ammatu mūlû UNK ammatu rupšu bītu qallu
UNK ammatu mūlû UNK ammatu rūṭu rupšu erbêšu taʾʾumu
UNK ammatu rūṭu mūlû UNK ammatu rupšu šinīšu šanîš
gimru UNK daltu taʾʾumu
UNK ammatu mūlû UNK ammatu rūṭu UNK ēdēnû
UNK ammatu mūlû UNK ammatu rupšu UNK
UNK ammatu mūlû UNK ammatu rupšu UNK kursimtu
gimru UNK daltu ēdēnû
gimru UNK daltu","𒌋𒐈 𒌑 𒈬𒇻𒌋 𒐉 𒌑 𒂼 𒂍𒆗𒉌 𒂍𒆗𒉌
x 𒌑 𒈬𒇻𒌋 𒐉 𒌑 𒂼 𒂍 𒍇𒇻
x 𒌑 𒈬𒇻𒌋 𒐈 𒌑 𒊒𒂅 𒂼 𒐉𒋙 𒋫𒀪𒈠𒋼
x 𒌑 𒊒𒂅 𒈬𒇻𒌋 𒐈 𒌑 𒂼 𒈫𒋙 𒆠𒈫
𒉽 𒐍 𒄑𒅅𒎌 𒋫𒀪𒌑𒈠𒀀𒋼
x 𒌑 𒈬𒇻𒌋 𒐈 𒌑 𒊒𒂅 𒁹 𒀸𒉌𒌓
x 𒌑 𒈬𒇻𒌋 𒐈 𒌑 𒂼 𒌋𒈫
x 𒌑 𒈬𒇻𒌋 𒐈 𒌑 𒂼 15 𒆪𒋛𒆳
𒉽 𒎙𒐍 𒄑𒅅𒎌 𒀸𒈾𒋼
𒉽 𒌍𒐋 𒄑𒅅𒎌","Height[ 1]3 cubits (6,5 m), width four cubits (2 m): the main building.
Height [x cubits], width four cubits: the small building.
Height [x cubits], width three cubits and a span: four double(-door)s;
Height [x cubits] and a span, width three cubits: two ditto;
[In all eight] double-doors.
Heig[ht x cubits],  (width) three cubits and a span: one single (door);
[Height x cubits], width three cubits: 12 ditto;
[Height x cubits], width three cubits: 15...;
[In all 28] single doors.
[Total 36] doors.",67,67
saao/saa05_P334831,saao/saa05,P334831,Administrative Letter,Nineveh,neo-assyrian,-721,-705,"[lu-u DI]-mu a-[na LUGAL EN-ia]
[ina] ⸢UGU⸣ UDU-MEŠ ⸢ša⸣ [x x ša LUGAL]
[be-li₂] iš-pur-a-[ni]
[ma-a] ⸢a⸣-ta-a ⸢UDU⸣-MEŠ TA@v\m ⸢ŠA₃⸣ [x x]
⸢ta\tm⸣-ka-la-⸢ši⸣ LUGAL be-[li₂]
⸢UDU⸣-MEŠ a-na\t DINGIR-MEŠ-ni-šu ik-[ta-la]
⸢šum₂⸣-ma ina UGU-hi la u₂-ra-⸢da\d⸣
re-ʾi-šu-nu-u a-kal-la
{1}{d}PA—NUMUN\d—AŠ ina pa-ni-ia
⸢i⸣-ti\t-it-zi ma\d-a {1}ša\m—DINGIR—du-bu
⸢UDU⸣-MEŠ uk\tdp-ta-ši-di
[ma]-a 01 lim 03 me UDU-MEŠ ṣu-ʾu-bat
[x x]+⸢x⸣ an-nu-ti\t ⸢x x x⸣+[x]+⸢x⸣
[x x x]-⸢da\d⸣-aʾ iq-ṭi-[ba-šu₂-nu]
[ma-a al]-ka-ni ra-ʾi-[a (x)]
[x x x]+⸢x⸣ ni ⸢is⸣ ṭe₃-e-[mu]
[liš-ku-nu]-šu-nu ⸢šum₂⸣-ma ŠA₃ MAN [o]
[ina {kur]}⸢mu⸣-da\d-bar E₂ UDU-MEŠ-⸢ia⸣
[i-ra]-ʾu-u-ni UDU-MEŠ
[x x]-MEŠ pa-⸢na\t⸣-tu-šu₂-nu li\d-ri-ʾu
[ša LUGAL be]-li₂ ina UGU {1}{d}PA—NUMUN\d—AŠ
[iq-bu-ni ma]-⸢a⸣ ki-i ina pa-an ARAD-[MEŠ-x]
[x x x]+⸢x⸣-ni ma-a i-⸢x⸣+[x x x]
[x x x]+⸢x⸣ iq-ṭi-ba-[šu₂-nu ma-a]
[x x x x]-MEŠ ša [x x x x]","lū šulmu ana šarri bēlīya
ina muhhi immerē ša UNK UNK ša šarru
bēlī išpuranni
mā atâ immerē issu libbi UNK UNK
takallašši šarru bēlī
immerē ana ilānīšu iktala
šumma ina muhhi lā uradda
rēʾišunû akalla
Nabu-zeru-iddina ina pānīya
ittitzi mā Ša-ili-dubbu
immerē uktaššīdi
mā UNK līmu UNK mē immerē ṣuʾubāt
UNK UNK annūti UNK UNK UNK
UNK UNK UNK iqṭibaššunu
mā alkāni raʾia UNK
UNK UNK UNK UNK UNK ṭēmu
liškunūšunu šumma libbi šarri UNK
ina mudābar bēt immerēya
iraʾʾûni immerē
UNK UNK pānātuššunu liriʾû
ša šarru bēlī ina muhhi Nabu-zeru-iddina
iqbûni mā kî ina pān UNK
UNK UNK UNK mā UNK UNK UNK
UNK UNK UNK iqṭibaššunu mā
UNK UNK UNK UNK ša UNK UNK UNK UNK","lū šulmu ana šarru bēlu
ina muhhu immeru ša UNK UNK ša šarru
bēlu šapāru
mā atā immeru ištu libbu UNK UNK
kalû šarru bēlu
immeru ana ilu kalû
šumma ina muhhu lā redû
rēʾû kalû
Nabu-zeru-iddina ina pānu
izuzzu mā Ša-ili-dubbu
immeru kašādu
mā UNK līm UNK meʾatu immeru ṣuppu
UNK UNK annû UNK UNK UNK
UNK UNK UNK qabû
mā alāku reʾû UNK
UNK UNK UNK UNK UNK ṭēmu
šakānu šumma libbu šarru UNK
ina madbaru bīt immeru
reʾû immeru
UNK UNK pānātu reʾû
ša šarru bēlu ina muhhu Nabu-zeru-iddina
qabû mā kī ina pānu UNK
UNK UNK UNK mā UNK UNK UNK
UNK UNK UNK qabû mā
UNK UNK UNK UNK ša UNK UNK UNK UNK","𒇻𒌋 𒁲𒈬 𒀀𒈾 𒈗 𒂗𒅀
𒀸 𒌋𒅗 𒇻𒎌 𒊭 x x 𒊭 𒈗
𒁁𒉌 𒅖𒁓𒀀𒉌
𒈠𒀀 𒀀𒋫𒀀 𒇻𒎌 𒋬 𒊮 x x
𒋫𒅗𒆷𒅆 𒈗 𒁁𒉌
𒇻𒎌 𒀀𒈾 𒀭𒎌𒉌𒋗 𒅅𒋫𒆷
𒋧𒈠 𒀸 𒌋𒅗𒄭 𒆷 𒌑𒊏𒁕
𒊑𒀪𒋗𒉡𒌋 𒀀𒆗𒆷
𒁹𒀭𒉺𒆰𒀸 𒀸 𒉺𒉌𒅀
𒄿𒋾𒀉𒍣 𒈠𒀀 𒁹𒊭𒀭𒁺𒁍
𒇻𒎌 𒊌𒋫𒅆𒁲
𒈠𒀀 𒁹 𒅆 𒐈 𒈨 𒇻𒎌 𒍮𒀪𒁁
x x 𒀭𒉡𒋾 x
x x x𒁕𒀪 𒅅𒁲𒁀𒋙𒉡
𒈠𒀀 𒀠𒅗𒉌 𒊏𒀪𒀀 x
x x x 𒉌 𒄑 𒉈𒂊𒈬
𒇺𒆪𒉡𒋗𒉡 𒋧𒈠 𒊮 𒎙 o
𒀸 𒆳𒈬𒁕𒁇 𒂍 𒇻𒎌𒅀
𒄿𒊏𒀪𒌋𒉌 𒇻𒎌
x x𒎌 𒉺𒈾𒌅𒋙𒉡 𒇷𒊑𒀪
𒊭 𒈗 𒁁𒉌 𒀸 𒌋𒅗 𒁹𒀭𒉺𒆰𒀸
𒅅𒁍𒉌 𒈠𒀀 𒆠𒄿 𒀸 𒉺𒀭 𒀴𒎌x
x x x𒉌 𒈠𒀀 𒄿x x x
x x x 𒅅𒁲𒁀𒋙𒉡 𒈠𒀀
x x x x𒎌 𒊭 x x x x","[To the king, my lord: your servant NN. Good heal]th t[o the king, my lord]!
[As] to the sheep of [... about which the king, my lord], wrote [me]: ""Why do [yo]u withhold the sheep fr[om...]?"" —
it is the king, [my] lo[rd], who has wi[thheld] the [sh]eep for his gods! If he does not add to them, (how) can I hold back their shepherds?
Nabû-zeru-iddina had an audience with me, saying: ""Ša-ili-dubbu has driven away [she]ep; 1,300 ṣu'bu sheep
[...] these [......]
[...-ya]da' sa[id to them]: ""[Co]me and graze!""
[Let... give] them or[ders; i]f it pleases the king, let them graze the sheep and [goats] at their disposal [in the s]teppe, where my sheep [are being g]razed.
[As to what the king], my [lo]rd, [said] about Nabû-zeru-iddina: ""When he [...] before [...] servant[s...], he said [to them...]",119,108
saao/saa05_P314281,saao/saa05,P314281,Administrative Letter,Nineveh,neo-assyrian,-717,-706,"⸢nu-uk\td 01 me 20 {giš}UR₃⸣-MEŠ\m
ša\ydm LUGAL a-le\tt-e
šu-u₂\m i-su\t-hur iq-ṭi-bi-a
ma-a {giš}UR₃-MEŠ\m šal-ši-u-te
u₂\m-se-ri-ba\t ina ta-hu-me
ša\ydm {kur}qu-ru-ba ⸢ur-ta⸣-me
{kur}⸢u₂⸣-[x x x x x x]
⸢x⸣+[x x x x x x x x x]
i-⸢su\t⸣-[x x] ⸢x⸣+[x x x x x]
a-na\t {kur}u₂\m-ka-a.a iq-ṭi₂-⸢bi⸣
ma-a e-mu-qi ša\d LUGAL a-na mi₃-ni\d
ina UGU-hi-ia tu₂-ba\t-⸢la⸣
a-na\t-ku\y-ma a-ba\t-ak
ki-i e-mu-qi\m u₂\m-na\t-me-ša₂-ni\d
{kur}u₂\m-ka-a.a [iq-ṭi]-⸢bi⸣-a
[ma-a x x x x x x]-⸢x-ka⸣
[x x x]+⸢x⸣ {giš}UR₃-MEŠ\m {kur}ne₂-ru-bu ⸢x⸣+[x x x x]
[x x x] a-na\t {lu₂v}A—KIN ša\ydm {1}a-da-⸢a⸣ [x x x x]
[x x x] ⸢KUR⸣ {uru}pa-ie-e {lu₂v}ERIM-⸢MEŠ⸣ [x x x x]
[x x x] {⸢uru⸣}[x x x x]","nuk UNK mē UNK gušūrī
ša šarri alê
šû issuhur iqṭibia
mā gušūrī šalšiūte
ussēriba ina tahūme
ša Quruba urtamme
UNK UNK UNK UNK UNK UNK
UNK UNK UNK UNK UNK UNK UNK UNK UNK
UNK UNK UNK UNK UNK UNK UNK
ana Ukkaya iqṭibi
mā emūqē ša šarri ana mīni
ina muhhīya tubbala
anākūma abbak
kî emūqē unammišāni
Ukkaya iqṭibia
mā UNK UNK UNK UNK UNK UNK
UNK UNK UNK gušūrī nērubu UNK UNK UNK UNK
UNK UNK UNK ana mār šipri ša Ada UNK UNK UNK UNK
UNK UNK UNK māti Paie ṣābāni UNK UNK UNK UNK
UNK UNK UNK x UNK UNK UNK","nuk UNK meʾatu UNK gušūru
ša šarru ali
šū sahāru qabû
mā gušūru šalšu
erēbu ina tahūmu
ša Quruba ramû
UNK UNK UNK UNK UNK UNK
UNK UNK UNK UNK UNK UNK UNK UNK UNK
UNK UNK UNK UNK UNK UNK UNK
ana Ukkaya qabû
mā emūqu ša šarru ana mīnu
ina muhhu wabālu
anāku abāku
kī emūqu namāšu
Ukkaya qabû
mā UNK UNK UNK UNK UNK UNK
UNK UNK UNK gušūru nērebu UNK UNK UNK UNK
UNK UNK UNK ana māru šipru ša Ada UNK UNK UNK UNK
UNK UNK UNK mātu Paie ṣābu UNK UNK UNK UNK
UNK UNK UNK x UNK UNK UNK","𒉡𒊌 𒁹 𒈨 𒎙 𒄑𒃡𒎌
𒊭 𒈗 𒀀𒇷𒂊
𒋗𒌑 𒄿𒋢𒄯 𒅅𒁲𒁉𒀀
𒈠𒀀 𒄑𒃡𒎌 𒊩𒅆𒌋𒋼
𒌑𒋛𒊑𒁀 𒀸 𒋫𒄷𒈨
𒊭 𒆳𒄣𒊒𒁀 𒌨𒋫𒈨
𒆳𒌑x x x x x x
x x x x x x x x x
𒄿𒋢x x x x x x x
𒀀𒈾 𒆳𒌑𒅗𒀀𒀀 𒅅𒎗𒁉
𒈠𒀀 𒂊𒈬𒆥 𒊭 𒈗 𒀀𒈾 𒈨𒉌
𒀸 𒌋𒅗𒄭𒅀 𒌓𒁀𒆷
𒀀𒈾𒆪𒈠 𒀀𒁀𒀝
𒆠𒄿 𒂊𒈬𒆥 𒌑𒈾𒈨𒃻𒉌
𒆳𒌑𒅗𒀀𒀀 𒅅𒁲𒁉𒀀
𒈠𒀀 x x x x x x𒅗
x x x 𒄑𒃡𒎌 𒆳𒉌𒊒𒁍 x x x x
x x x 𒀀𒈾 𒀀𒆥 𒀀𒆥 𒊭 𒁹𒀀𒁕𒀀 x x x x
x x x 𒆳 𒌷𒉺𒅀𒂊 𒂟𒎌 x x x x
x x x 𒌷x x x x","I (wrote him): ""Where are the king's 120 logs?"" He returned and told me: ""I have brought in the third (installment of) logs, and l[ef]t it on the border of Quruba.""
The U[kkean......]
He re[turned...] and said to the Ukkean: ""Why do you bring the king's troops to me? I will have them removed."" When the troops departed, the Ukkean [said to m]e:
""[... yo]ur [......]
[......] the logs (at) the pass [......]
[......] to the messenger of Adâ [......]
[......] of the town Paye the men [......]
[......] the ci[ty......]",105,74
saao/saa05_P334186,saao/saa05,P334186,Administrative Letter,Nineveh,neo-assyrian,-721,-705,"a-na LUGAL\p be-li₂-ia
ARAD-ka {1}aš-šur—BAD₃\p—IGI-ia
lu-u₂\m šul-mu a-na LUGAL be-li₂-ia
{lu₂}GAL—50-ia šu₂-u ša\y {lu₂}gur-ra\p-a.a {urud}mu-dur-na-a.a
a-na {lu₂p}ha-za-ni ša\dy {uru}mu-dur-na i-du-ka
TA@v\m mar KASKAL il\t-li\p-kan-a-ni la\p il\t-li-ka
dul₆-lu TA@v\m ŠEŠ-MEŠ-šu₂ la e-pu-uš
TA@v\m pa-an ip-ta-lah₃ 15 {lu₂p}gur-ra\p-a.a
ina qa-a-ti\t-šu₂\t i-ṣab-bat a-na {kur}URI\d-a i-la-ka
it-tal-ku-u-ni iq-ṭi₂-bu-u-ni ana-ku {1}DINGIR—da-la-a
a-na {kur}šu-bur-a a-sa-pa-ra\p mu-ku a-lik
{lu₂p}ARAD-MEŠ-ni-ka še-ri-da it-tal-ka
{lu₂}ARAD-MEŠ-ni-šu₂ u₂\d-se-ri-da-a ana-ku u₂\m-sa-hi-ir
{lu₂}A—šip-ri-ia ina GABA {1}DINGIR—da-la-a a-sa-pa-ra
mu-ku {lu₂p}GAL—50 ha-ni-u TA@v\m {⸢lu₂⸣}ERIM-MEŠ-šu₂
mu-ku KUR-u₂\m u₃ ne₂-rab-a-ni gab-bu
ina UGU-hi-šu₂\d u₂\m-[ta]-hi-iṣ-ṣi
mu-ku at-ta ri-di-pi ⸢i—da⸣-tu₂-šu₂ a-lik
ir-ti\t-di-bi a-na {kur}šu-bur-a it-<ta>-la-ka
{lu₂}GAL—50 TA@v\m {lu₂}ERIM-MEŠ-šu₂
ina {uru}mar-hu-ha {uru}⸢bir⸣-te\p
ša\d {kur}šu-bur-a.a e-⸢tar⸣-bu
{1}DINGIR—da-la-a e-ta-am-⸢mar⸣-šu₂
⸢ta⸣-mit-tu₂ i-si-šu₂ i-sa-⸢ak⸣-[na]
ma-a a-lik {na₄}KIŠIB ša\d {⸢lu₂⸣}[EN.NAM]
⸢iṣ⸣-ṣa al-la-ka lu re-[qa-ka]
{lu₂}GAL—50-ia TA@v\m 01 me {⸢lu₂⸣}[ERIM-MEŠ]
ša {giš}a-ri-te {uru}mar-hu-ha-a.a
i—da-at {1}DINGIR—da-la-a it-tal-ku-u-ni
ina KASKAL i-zu-ku-pu {lu₂p}ARAD-MEŠ\m-ni ša\d LUGAL EN-a
et-ku la-aš₂-šu₂\d mi-mi-ni ina ŠA₃-bi-šu₂\d-nu
la i-du-ku {lu₂}GAL—50 u₂\d-ta-hi-iṣ-ṣu
is-su-hur ina {uru}mar-hu-ha e-tar-bu
an-ni-nu ša\d u₂-ma-a ri-id-pu a—⸢da⸣-at {lu₂}GAL—50
ni-iš-ku-<nu>-u-ni la <i>-ṣi-bu-tu₂ la i-di-nu
LU₂ ip-tu-gu tu-ra\p {lu₂}ARAD-MEŠ\m-ni ša LUGAL EN-a
la-bi-ru-u₂-te ša ina ŠA₃-bi kam-ma-su-u-ni
u₂-še-ṣu-u-ni <$x$> i-du-nu","ana šarri bēlīya
urdaka Aššur-dur-paniya
lū šulmu ana šarri bēlīya
rab hanšêya šû ša Gurraya Mudurnaya
ana hazanni ša Mudurna iddūka
issu mar harrānu illikanni lā illika
dullu issi ahhēšu lā ēpuš
issu pān iptalah UNK Gurraya
ina qātīšu iṣabbat ana Urarṭi illaka
ittalkūni iqṭibûni anāku Il-dala
ana Šubura assapāra mūku alik
urdānīka šērida ittalka
urdānīšu ussēridâ anāku ussahhir
mār šiprīya ina irti Il-dala assapāra
mūku rab hanšê hannīu issi ṣābānīšu
mūku šadû u nērabāni gabbu
ina muhhīšu uttahhiṣṣi
mūku atta ridīpi ina dātuššu alik
irtidībi ana Šubura ittalāka
rab hanšê issi ṣābānīšu
ina Marhuha bīrte
ša Šuburaya ētarbu
Il-dala ētamaršu
tamītu issīšu issakna
mā alik kunukku ša pāhiti
iṣṣa allaka lū rēqāka
rab hanšêya issi UNK mē ṣābāni
ša arītu Marhuhaya
ina dāt Il-dala ittalkūni
ina hūli izzuqūpu urdāni ša šarri bēlīya
etku laššu memmēni ina libbišunu
lā idūku rab hanšê uttahhiṣṣu
issuhur ina Marhuha ētarbu
annīnu ša ūmâ ridpu ana dāt rab hanšê
niškunūni lā iṣibūtu lā iddinu
amēlu iptūgu tūra urdāni ša šarri bēlīya
labirūte ša ina libbi kammasūni
ušēṣûni UNK iddunu","ana šarru bēlu
ardu Aššur-dur-paniya
lū šulmu ana šarru bēlu
rabû hamšā šū ša Gurraya Me-Turnaya
ana hazannu ša Me-Turnat dâku
ištu ammar harrānu alāku lā alāku
dullu išti ahu lā epēšu
ištu pānu palāhu UNK Gurraya
ina qātu ṣabātu ana Urarṭu alāku
alāku qabû anāku Il-dala
ana Šubria šapāru muk alāku
ardu arādu alāku
ardu arādu anāku sahāru
māru šipru ina irtu Il-dala šapāru
muk rabû hamšā annû išti ṣābu
muk šadû u nērebu gabbu
ina muhhu mahāṣu
muk atta radāpu ina dāt alāku
radāpu ana Šubria alāku
rabû hamšā išti ṣābu
ina Marhuha birtu
ša Šubriaya erēbu
Il-dala amāru
tamītu išti šakānu
mā alāku kunukku ša pīhātu
našû alāku lū rīqu
rabû hamšā išti UNK meʾatu ṣābu
ša arītu Marhuhaya
ina dāt Il-dala alāku
ina hūlu zaqāpu ardu ša šarru bēlu
etku laššu memēni ina libbu
lā dâku rabû hamšā mahāṣu
sahāru ina Marhuha erēbu
anīnu ša ūma ridpu ana dāt rabû hamšā
šakānu lā ṣabātu lā tadānu
awīlu puāgu tūra ardu ša šarru bēlu
labīru ša ina libbu kamsu
aṣû UNK tadānu","𒀀𒈾 𒈗 𒁁𒉌𒅀
𒀴𒅗 𒁹𒀸𒋩𒂦𒅆𒅀
𒇻𒌑 𒂄𒈬 𒀀𒈾 𒈗 𒁁𒉌𒅀
𒇽𒃲𒐐𒅀 𒇽𒃲𒐐𒅀 𒋙𒌋 𒊭 𒇽𒄥𒊏𒀀𒀀 𒌷𒈬𒄙𒈾𒀀𒀀
𒀀𒈾 𒇽𒄩𒍝𒉌 𒊭 𒌷𒈬𒄙𒈾 𒄿𒁺𒅗
𒋬 𒈥 𒆜 𒅋𒇷𒃶𒀀𒉌 𒆷 𒅋𒇷𒅗
𒇯𒇻 𒋬 𒋀𒎌𒋙 𒆷 𒂊𒁍𒍑
𒋬 𒉺𒀭 𒅁𒋫𒈛 15 𒇽𒄥𒊏𒀀𒀀
𒀸 𒋡𒀀𒋾𒋙 𒄿𒂟𒁁 𒀀𒈾 𒆳𒌵𒀀 𒄿𒆷𒅗
𒀉𒊑𒆪𒌋𒉌 𒅅𒎗𒁍𒌋𒉌 𒁹𒆪 𒁹𒀭𒁕𒆷𒀀
𒀀𒈾 𒆳𒋗𒁓𒀀 𒀀𒊓𒉺𒊏 𒈬𒆪 𒀀𒌨
𒇽𒀴𒎌𒉌𒅗 𒊺𒊑𒁕 𒀉𒊑𒅗
𒇽𒀴𒎌𒉌𒋙 𒌑𒋛𒊑𒁕𒀀 𒁹𒆪 𒌑𒊓𒄭𒅕
𒇽𒀀𒈨𒊑𒅀 𒇽𒀀𒈨𒊑𒅀 𒀸 𒃮 𒁹𒀭𒁕𒆷𒀀 𒀀𒊓𒉺𒊏
𒈬𒆪 𒇽𒃲𒐐 𒇽𒃲𒐐 𒄩𒉌𒌋 𒋬 𒇽𒂟𒎌𒋙
𒈬𒆪 𒆳𒌑 𒅇 𒉌𒊐𒀀𒉌 𒃮𒁍
𒀸 𒌋𒅗𒄭𒋙 𒌑𒋫𒄭𒄑𒍢
𒈬𒆪 𒀜𒋫 𒊑𒁲𒉿 𒄿𒁕𒌓𒋙 𒄿𒁕𒌓𒋙 𒀀𒌨
𒅕𒋾𒁲𒁉 𒀀𒈾 𒆳𒋗𒁓𒀀 𒀉𒋫𒆷𒅗
𒇽𒃲𒐐 𒇽𒃲𒐐 𒋬 𒇽𒂟𒎌𒋙
𒀸 𒌷𒈥𒄷𒄩 𒌷𒄵𒋼
𒊭 𒆳𒋗𒁓𒀀𒀀 𒂊𒋻𒁍
𒁹𒀭𒁕𒆷𒀀 𒂊𒋫𒄠𒈥𒋙
𒋫𒁁𒌓 𒄿𒋛𒋙 𒄿𒊓𒀝𒈾
𒈠𒀀 𒀀𒌨 𒎎𒈩 𒊭 𒇽𒂗𒉆
𒄑𒍝 𒀠𒆷𒅗 𒇻 𒊑𒋡𒅗
𒇽𒃲𒐐𒅀 𒇽𒃲𒐐𒅀 𒋬 𒁹 𒈨 𒇽𒂟𒎌
𒊭 𒄑𒀀𒊑𒋼 𒌷𒈥𒄷𒄩𒀀𒀀
𒄿𒁕𒀜 𒄿𒁕𒀜 𒁹𒀭𒁕𒆷𒀀 𒀉𒊑𒆪𒌋𒉌
𒀸 𒆜 𒄿𒍪𒆪𒁍 𒇽𒀴𒎌𒉌 𒊭 𒈗 𒂗𒀀
𒀉𒆪 𒆷𒀾𒋙 𒈪𒈪𒉌 𒀸 𒊮𒁉𒋙𒉡
𒆷 𒄿𒁺𒆪 𒇽𒃲𒐐 𒇽𒃲𒐐 𒌑𒋫𒄭𒄑𒍮
𒄑𒋢𒄯 𒀸 𒌷𒈥𒄷𒄩 𒂊𒋻𒁍
𒀭𒉌𒉡 𒊭 𒌑𒈠𒀀 𒊑𒀉𒁍 𒀀𒁕𒀜 𒀀𒁕𒀜 𒇽𒃲𒐐 𒇽𒃲𒐐
𒉌𒅖𒆪𒉡𒌋𒉌 𒆷 𒄿𒍢𒁍𒌓 𒆷 𒄿𒁲𒉡
𒇽 𒅁𒌅𒄖 𒌅𒊏 𒇽𒀴𒎌𒉌 𒊭 𒈗 𒂗𒀀
𒆷𒁉𒊒𒌑𒋼 𒊭 𒀸 𒊮𒁉 𒄰𒈠𒋢𒌋𒉌
𒌑𒊺𒍮𒌋𒉌 x 𒄿𒁺𒉡","To the king, my lord: your servant Aššur-dur-paniya. Good health to the king, my lord!
A commander-of-fifty of mine, of the Gurrean (troops) from Meturna, killed the mayor of Meturna. From the moment the expedition came, he did not show up to do work with his fellows but, afraid of his deed, took with him 15 Gurreans and went away to Urarṭu.
(When) they came and reported it to me, I sent Il-dalâ to Šubria, saying: ""Go and bring down your servants."" He went, but did he bring down his servants?
I sent my messenger back to Il-dalâ, telling him: ""This commander-of-fifty and his men! I have hurt the whole mountain (area) and all the passes because of him! Go in pursuit after him!""
Pursuing him, he went to Šubria. The commander-of-fifty and his soldiers ente[r]ed Marhuha, a [fo]rt of the Šubrian (king). Il-dalâ saw him and ma[de a sw]orn agreement with him: ""Come and [b]ring me the seal of the go[vernor] and [you] shall be fr[ee].""
My commander-of-fifty and 100 Marhuhaean [ho]plites went after Il-dalâ and attacked him on the road. The servants of the king, my lord, were on their guard; none of them got killed, and they wounded the commander-of-fifty. They turned back and entered Marhuha.
We, who organized the present pursuit of the commander-of-fifty — they did not arrest him and hand him over but took the man away! Once again, they are (only) bringing forth and handing over old subjects of the king, my lord, who have been living there.",165,165
