ʾu₄,𒀀
a,𒀀
aia₂,𒀀
aya₂,𒀀
barₓ,𒌋
buniŋₓ,𒆹
burₓ,𒋲
dur₅,𒀀
duru₅,𒀀
e₄,𒀀
ea,𒀀
ebir₃,𒀀
emₓ,𒀀
epir₃,𒀀
eš₁₀,𒀀
ŋa₁₀,𒀀
ia₁₀,𒀀
id₅,𒀀
me₅,𒀀
mu₁₄,𒀀
sedₓ,𒈹𒁲
šegₓ,𒍉
ṭur₅,𒀀
ya₁₀,𒀀
ai,𒀀𒀀
aia,𒀀𒀀
aya,𒀀𒀀
aye,𒀀𒀀
ayi,𒀀𒀀
ayu,𒀀𒀀
ayya,𒀀𒀀
ayye,𒀀𒀀
ayyi,𒀀𒀀
ayyu,𒀀𒀀
iya,𒀀𒀀
iyi,𒀀𒀀
iyu,𒀀𒀀
iyya,𒀀𒀀
iyyi,𒀀𒀀
iyyu,𒀀𒀀
yaₓ,𒌓𒉌
ayayaₓ,𒀀𒀀𒀀
a₄,𒀀𒀭
am₃,𒀀𒀭
še₇,𒀀𒀭
šeg₃,𒀀𒀭
šeŋ₃,𒀀𒀭
šemₓ,𒉈
a-ra₂,𒀀𒁺
tuše,𒀀𒁺
tuššuru,𒀀𒁺
eribₓ,𒊩𒌓
eru₄,𒀀𒂔
erua,𒀀𒂔
erum₄,𒀀𒂔
ummuₓ,𒀀𒂔𒇲
ummudₓ,𒀀𒂔𒇲
ummu₃,𒀀𒂔𒇲
ummud,𒀀𒂔𒇲
ummu,𒀀𒂔𒇲
ugar,𒀀𒃼
a-gar3,𒀀𒃼
adar,𒀀𒄠
ildagₓ,𒀀𒄠
kuar₂,𒀀𒄩
kuara₂,𒀀𒄩
[...]ri,𒀀𒄩
sahₓ,𒆪
tuba₂,𒀀𒄩
zahₓ,𒋀
girim₃,𒀀𒄩𒋻𒁺
girima₃,𒀀𒄩𒋻𒁺
girimma₃,𒀀𒄩𒋻𒁺
girin₂,𒀀𒄩𒋻𒁺
nun₂,𒀀𒄩𒋻𒁺
liq₃,𒀀𒄷𒋛
er₂,𒀀𒅆
era₂,𒀀𒅆
eseš,𒀀𒅆
esiš₃,𒀀𒅆
eš₉,𒀀𒅆
ir₂,𒀀𒅆
ira₂,𒀀𒅆
isiš₂,𒀀𒅆
šešₓ,𒀀𒅆
uga₂,𒀀𒅗
ugu₂,𒀀𒅗
ela,𒀀𒆗
ella,𒀀𒆗
illu,𒀀𒆗
akšak₂,𒀀𒆵
enigin,𒀀𒆸𒆸
buninₓ,𒆹
iₓ,𒇉𒀀
i₇,𒀀𒇉
id₂,𒀀𒇉
ida₂,𒀀𒇉
it₂,𒀀𒇉
ita₅,𒀀𒇉
iti₅,𒀀𒇉
itu₅,𒀀𒇉
id₇,𒀀𒇉𒁲
id₆,𒀀𒇉𒃲
darengal,𒌓𒉣
išuruengal,𒀀𒇉𒌓𒉣𒆠
surengal,𒀀𒇉𒌓𒉣𒆠
surgal,𒀀𒇉𒌓𒉣𒆠
turungal,𒌓𒉣
esir,𒀀𒇒
ešer,𒀀𒇒
kuninₓ,𒇅
sarₓ,𒉡
arinaₓ,𒈷
a-rin₄-na,𒀀𒈕𒈾
a-gar₅,𒀀𒈖
kunigara₅,𒀀𒈖
aslumₓ,𒇅
ega,𒀀𒈪𒀀
šeₓ,𒋝
aʾuʾu,𒀀𒉺𒄐𒉻𒋛𒀀
addir,𒀀𒉺𒄐𒉻𒋛𒀀
au,𒀀𒉺𒄐𒉻𒋛𒀀
iddir,𒀀𒉺𒄐𒉻𒋛𒀀
samanₓ,𒂠𒋤𒉣𒂠𒌅
ugu₃,𒀀𒊕
epigₓ,𒀀𒋝
aktum,𒀀𒋢
bir₈,𒀀𒋤
kašbirₓ,𒀀𒋤
tu₁₇,𒀀𒋗𒉀
šeg₄,𒀀𒋙𒉀
ebla,𒀀𒋻𒀀𒀭
asi,𒀀𒊺𒉪
eša,𒀀𒊺𒉪
eše₄,𒀀𒊺𒉪
asal₂,𒀀𒌅𒃮𒇺
asar₂,𒀀𒌅𒃮𒇺
ašalₓ,𒀀𒌅𒃮𒇺
ašar₂,𒀀𒌅𒃮𒇺
azalₓ,𒀀𒌅𒃮𒇺
asalₓ,𒍂
edamu,𒀀𒌉
uguₓ,𒌋𒊕
aškudₓ,𒀉𒍝𒈽
aškiₓ,𒍤𒀀
ginₓ,𒍤𒀀
gugₓ,𒍤𒆸
lamahušₓ,𒍤𒀀
mudₓ,𒍤𒀀
numunₓ,𒍤𒀀
suluhuₓ,𒀀𒍤
šubₓ,𒍤𒀀
/šumun/,𒍤𒆸
zukumₓ,𒀀𒍤
aya₂-aya₂,𒀁
edur,𒀁
eduru,𒀁
agam,𒀂
sah₇,𒀄
saha₇,𒀄
zah₃,𒀄
zaha₃,𒀄
er₆,𒀅
ir₆,𒀅
isiš₃,𒀅
šeš₃,𒀅
šedu₃,𒀆
amuš,𒀇
amuša,𒀇
emuš,𒀇
esag,𒀈
esaŋ,𒀈
a₂,𒀉
ah₅,𒀉
ahi₂,𒀉
ed,𒀉
et,𒀉
eṭ,𒀉
id,𒀉
idi₂,𒀉
it,𒀉
iṭ,𒀉
te₈,𒀉
ti₈,𒀉
liri₅,𒀉𒀸
liru₅,𒀉𒀸
lirum₅,𒀉𒀸
arhuš₇,𒀉𒃣
liri₄,𒀉𒆗
liru₄,𒀉𒆗
lirum₄,𒀉𒆗
usu,𒀉𒆗
uššuₓ,𒀉𒆗
aškud₂,𒀉𒈹
aškud,𒀉𒈽
azag₂,𒀉𒉺
arhuš₆,𒀉𒊩
arhuš₅,𒀉𒌉
ašita,𒀉𒌋𒆤
ašte,𒀉𒌋𒆤
ehe,𒀉𒌓𒁺
ehi,𒀉𒌓𒁺
ʾ,𒀪
ʾa,𒀪
ʾe,𒀪
ʾi,𒀪
ʾu,𒀪
aʾ,𒀪
ah₄,𒀪
eʾ,𒀪
eh₂,𒀪
iʾ,𒀪
ih₂,𒀪
uʾ,𒀪
uh₅,𒀪
umun₄,𒀪
ab,𒀊
aba,𒀊
abba,𒀊
agarinₓ,𒀊
ap,𒀊
ašₓ,𒀊
eri₁₂,𒀊
es₃,𒀊
esa₃,𒀊
eš₃,𒀊
eša₃,𒀊
ešeₓ,𒀊
eṣ₃,𒀊
ez₃,𒀊
giraba,𒀊
iri₁₂,𒀊
is₃,𒀊
iš₇,𒀊
iṣ₃,𒀊
iz₃,𒀊
unu₅,𒀊
girabaₓ,𒀊𒄫
essadu,𒀊𒄩𒍠𒃮𒄷
ešsadu,𒀊𒄩𒍠𒃮𒄷
sugal₆,𒀊𒈹
zabala₆,𒀊𒈹
zabalam₆,𒀊𒈹
absin₂,𒀊𒉆
abba₂,𒀋
agarin,𒀌
aŋarin,𒀌
erigal,𒀍
ešgal,𒀍
irigal,𒀍
unugi₂,𒀍
urugal,𒀍
agarin₂,𒀎
aŋarin₂,𒀎
nanše,𒀏
našše,𒀏
nazi,𒀏
nigin₆,𒀏
niŋin₆,𒀏
nina,𒀏
sirara,𒀏
siraran,𒀏
ešemen₄,𒀑
ešemin₄,𒀑
niginₓ,𒌓𒆤
unugi,𒀐
ze₄,𒀓
zi₄,𒀓
erimₓ,𒉺𒊷
gunₓ,𒀭𒄷𒈪𒅎
gunuₓ,𒋜
nuₓ,𒋖
siraraₓ,𒀔
unuₓ,𒋼𒈹
unugₓ,𒀔
urugalₓ,𒌽
urukₓ,𒀔
ab₄,𒀕
aba₄,𒀕
eri₁₁,𒀕
erim₅,𒀕
erin₅,𒀕
gun₄,𒀕
guna₄,𒀕
gunu₄,𒀕
iri₁₁,𒀕
irigal₂,𒀕
nu₇,𒀕
sirara₅,𒀕
unu,𒀕
unug,𒀕
urugal₂,𒀕
uruk,𒀕
zabalaₓ,𒈹𒀕𒍝
ab₂,𒀖
ap₂,𒀖
le₈,𒀖
let,𒀖
li₈,𒀖
lid,𒀖
lit,𒀖
liti,𒀖
liṭ,𒀖
liṭi,𒀖
rem₂,𒀖
reme₂,𒀖
rim₂,𒀖
rimu₂,𒀖
munuₓ,𒊺𒉽𒉽
nagadₓ,𒀖𒆪
udul,𒀖𒆪
unu₃,𒀖𒆪
unud,𒀖𒆪
utul,𒀖𒆪
unudₓ,𒀖𒆪
udul₁₀,𒀖𒇻
utul₁₀,𒀖𒇻
girₓ,𒌋𒂙
kirₓ,𒀛
libišₓ,𒀛
lipišₓ,𒀖𒊮
šagₓ,𒌋𒆤
ubₓ,𒌾
lilis,𒀗
liliz,𒀗
kir₆,𒀘
qir₆,𒀘
šem₅,𒀘
meze,𒀙
šem₄,𒀙
ub₆,𒀙
gir₉,𒀚
kir₂,𒀚
kiri₉,𒀚
libiš,𒀚
lipiš,𒀚
šem₃,𒀚
ub₃,𒀚
šem₆,𒀛
ub₅,𒀛
uba₅,𒀛
ab₃,𒀜
aba₃,𒀜
ad,𒀜
ada,𒀜
ap₃,𒀜
at,𒀜
aṭ,𒀜
ad-kidₓ,𒀜𒂍
akkilₓ,𒀜𒆪
ad-kid,𒀜𒆤
akkil₂,𒀜𒆤
?,𒕄
a₅,𒀝
ag,𒀝
aŋ,𒀝
ak,𒀝
aka,𒀝
akiₓ,𒀝
aq,𒀝
aqa,𒀝
ke₃,𒀝
ki₃,𒀝
kid₃,𒀝
me₆,𒀞
na₃,𒀝
ra₆,𒀝
ša₅,𒀝
me₃,𒀞
meₓ,𒍛
me₁₁,𒀞
al,𒀠
ala₃,𒀠
il₁₀,𒀠
mah₂,𒀠
maha₂,𒀠
ilₓ,𒃸
bal₃,𒀡
lidim,𒀢
gišbar,𒀣
gišmaš,𒀣
ŋešmaš,𒀣
hibira,𒀤
dubal,𒀥
bal₄,𒀦
dubal₂,𒀦
il₆,𒀧
hibis₂,𒀨
hibiz₂,𒀨
šušbar,𒀨
šušmaš,𒀨
al₂,𒀩
alag,𒀩
alaŋ,𒀩
alala,𒀩
alam,𒀩
alan,𒀩
belili,𒀩
bišeba₂,𒀩
bišebi₂,𒀩
kaššeba₂,𒀩
kaššebi₂,𒀩
amar,𒀫
mar₂,𒀫
mara₂,𒀫
marad,𒀫
surₓ,𒍚
ṣar₂,𒀫
ṣur,𒀫
ṣuru,𒀫
zur,𒀫
marad₂,𒀫𒁕
marduk,𒀫𒌓
disgur,𒀬
siskur,𒀬
siškur,𒀬
sizkur,𒀬
siskur₂,𒀬𒀬
siškur₂,𒀬𒀬
sizkur₂,𒀬𒀬
a₁₁,𒀭
am₆,𒀭
an,𒀭
ana₂,𒀭
anu,𒀭
d,𒀭
dalhamunₓ,𒅑
der,𒀭
dibur,𒀭
digir,𒀭
diŋir,𒀭
dimer,𒀭
/dimer/,𒀭
dimir,𒀭
dimmer,𒀭
diner,𒀭
dingir,𒀭
dingira,𒀭
dinir,𒀭
dir₃,𒀭
el₃,𒀭
eššu₂,𒀭
il₃,𒀭
ila,𒀭
ili,𒀭
ilu,𒀭
le₄,𒀭
sa₈,𒀭
šubul,𒀭
ṣa₃,𒀭
usanₓ,𒉱
za₅,𒀭
ita₄,𒀭𒀀𒇉
iti₄,𒀭𒀀𒇉
itu₄,𒀭𒀀𒇉
abₓ,𒉣
nab₃,𒀭𒀭
namₓ,𒅘
šuhubₓ,𒀭𒀯
tilla₄,𒀭𒀸𒀀𒀭
barzil,𒀭𒀸𒀭
tilla₂,𒀭𒀸𒀭
tillaₓ,𒀮
tilla₅,𒀭𒀹𒀭
kunigara,𒀭𒁈
tilla₃,𒀭𒁹𒀭
aššan,𒀭𒁺𒀭
anzuₓ,𒄷𒈪𒀭𒅎
qutraₓ,𒀭𒅎
kutraₓ,𒀭𒅎
anzu,𒀭𒅎𒂂
anzud,𒀭𒅎𒂂
anzu₂,𒀭𒅎𒈪
anzud₂,𒀭𒅎𒈪
ili₇,𒀭𒈨𒌍
kunigara₂,𒀭𒈲
an-na,𒀭𒈾
nagga,𒀭𒈾
nanga₅,𒀭𒈾
niggi,𒀭𒈾
niggin,𒀭𒈾
nanibgal,𒀭𒉀
ligidbaₓ,𒀭𒊩𒌆𒅁
ṣillu,𒀭𒊨
ṣil₃,𒀭𒊨
nanibgal₂,𒀭𒊺𒉀
kunigara₃,𒀭𒌅
uzugₓ,𒅗
nab,𒀮
nap,𒀮
dalhamun₄,𒀱
dalhamun₅,𒀰
nanna₂,𒀭𒋀𒆠
anše,𒀲
anše@d,𒀲
anši,𒀲
anšu,𒀲
sumugan,𒄊
šakan₃,𒀲
šakan₄,𒀲𒀭
du₂₅,𒀲𒀴
dur₃,𒀲𒀴
duru₃,𒀲𒀴
šagginₓ,𒀲𒀴
šakkan₆,𒀲𒀴
dusi₂,𒀲𒅆𒂠
dussa₂,𒀲𒅆𒂠
dusu₂,𒀲𒅆𒂠
sisiₓ,𒀲𒆳
sisi,𒀲𒆳𒊏
anšeₓ,𒄏
anšuₓ,𒀲𒉺
sumuganₓ,𒀲𒉺
šakanₓ,𒀲𒉺
eme₆,𒀲𒊩
durₓ,𒀴𒀲
kunga₃,𒁇𒀭
kungi₃,𒁇𒀭
mul,𒀯
mulu,𒀯
munₓ,𒅲
nap₂,𒀯
suhub₂,𒋙𒀯
šuhub₂,𒋙𒀯
šun₂,𒀯
absin₃,𒀳
abšin₃,𒀳
apin,𒀳
apina,𒀳
bin,𒀳
engar,𒀳
engara,𒀳
ereš₄,𒀳
eriš₄,𒀳
pin,𒀳
ur₁₁,𒀳
uru₄,𒀳
uš₈,𒀳
wardu,𒀴
arad,𒀴
arda,𒀴
er₃,𒀴
erad,𒀴
eri₃,𒀴
eru,𒀴
erum,𒀴
ir₃,𒀴
irda,𒀴
...ki,𒀴
nintaₓ,𒀴
nintah₂,𒀴
nita₂,𒀴
nitah₂,𒀴
suburₓ,𒀴
subarrumₓ,𒀴
šubur₂,𒀴
urda,𒀴
urdu,𒀴
war₃,𒀴
galaₓ,𒍓
era,𒀴𒊏
arad₂,𒀵
er₁₁,𒀵
ge₂₄,𒀵
geme₃,𒀵
gereš₃,𒀵
giriš₃,𒀵
/ŋereš/,𒀵
ir₁₁,𒀵
kiraš,𒀵
nitaₓ,𒍑𒆪
urda₂,𒀵
urdu₂,𒀵
arkab₂,𒀶
arkabₓ,𒅁
ana₃,𒀸
as₃,𒀸
aš,𒀸
aša,𒀸
ašša,𒀸
aṣ₃,𒀸
az₃,𒀸
dal₃,𒀸
del,𒀸
dele,𒀸
deli,𒀸
deš₂,𒀸
dil,𒀸
dili,𒀸
diš₂,𒀸
eš₁₈,𒀹
eš₂₀,𒀸
ge₁₅,𒀸
geš₄,𒀸
in₆,𒀸
ina,𒀸
liri₂,𒀸
liru₂,𒀸
lirum₂,𒀸
makaš₂,𒀸
makkaš₂,𒀸
ram₂,𒀸
rim₅,𒀸
ru₃,𒀸
rum,𒀸
sagtag,𒀸
sagtak,𒀸
saŋtak,𒀸
salugub,𒀸
santa,𒀸
santag,𒀸
santak,𒀸
simed,𒀸
šup₂,𒀸
tal₃,𒀸
teš,𒀸
til₄,𒀸
ṭil,𒀸
zuₓ,𒍥
1(aš),𒀸
1(aš@c),𒀸
1(iku),𒀸
aš@c,𒀸
iku@c,𒀸
didli,𒀸𒀸
man₃,𒀸𒀸
min₅,𒀸𒀸
eš₆,𒀸𒀸𒀸
aski,𒀸𒄱𒄄
ašgi,𒋓𒄄
aš-šur,𒀸𒋩
eš₁₆,𒐺
šušur,𒀼
aš₉,𒑀
imin₃,𒑁
imina₃,𒀼𒀼𒀸
umun₉,𒀼𒀼𒀸
ussa₃,𒀼𒀼𒋰
ussu₃,𒑅
ia₉,𒀼𒋰
gašmu,𒀻
limmu₄,𒐽
limu₄,𒀼𒀸
kad₈,𒀽
šušur₂,𒀽
ulilₓ,𒀺
utaqaₓ,𒀺
uzalagₓ,𒀺
uzalakₓ,𒀺
bag₄,𒍧
sumₓ,𒍤𒆸
bag₃,𒁂
bak₃,𒁂
1(aš@t),𒀹
1(aš@t@c),𒀹
aš@t,𒀹
aš₁₁,𒀹
deš₅,𒀹
del₄,𒀹
dele₄,𒀹
dil₄,𒀹
dili₄,𒀹
ge₂₃,𒀹
iš₈,𒀹
sagtag₃,𒀹
sagtak₃,𒀹
saŋtak₃,𒀹
santa₃,𒀹
santag₃,𒀹
santak₃,𒀹
ubu,𒀹
upuₓ,𒀹
uzaglal,𒀹
1/2(iku),𒀹
ilimmu,𒑆
9(diš),𒑆
9(diš@c),𒑆
kad₆,𒍦
sib₃,𒍦
sip₃,𒍦
sum₅,𒍦
šib₄,𒍦
ṣib,𒍦
ṣibi,𒍦
ṣip,𒍦
ṣep,𒍦
zeb,𒍦
zib,𒍦
zip,𒍦
zub₂,𒍦
as₂,𒀾
asa₂,𒀾
aś,𒀾
aš₂,𒀾
aša₂,𒀾
aṣ₂,𒀾
az₂,𒀾
baeš,𒀾
baneš,𒀾
daš₃,𒀾
deššu,𒀾
taš₃,𒀾
ud₂,𒀾
udeššu,𒀾
ut₂,𒀾
utu₅,𒀾
imŋaŋaₓ,𒍩𒀀
imgagaₓ,𒍩𒀀
udraₓ,𒍩𒀀
ud₂-duru₅,𒍩𒀀
imgaga,𒍩𒀀𒀭
imŋaŋa,𒍩𒀀𒀭
kiraši,𒍩𒀀𒀭
lahra,𒍩𒀀𒀭
udra,𒍩𒀀𒀭
udru,𒍩𒀀𒀭
ulušin,𒍩𒀀𒀭
imgaga₃,𒍩𒀭
imŋaŋa₃,𒍩𒀭
kirašiₓ,𒍩𒀭𒈾
udra₃,𒍩𒀭
ulušin₃,𒍩𒀭
imgaga₂,𒍩𒀭𒈾
imŋaŋa₂,𒍩𒀭𒈾
udra₂,𒍩𒀭𒈾
ulušin₂,𒍩𒀭𒈾
ešgar,𒀾𒃼
banlimmu,𒀾𒌋
ašgab,𒀿
erib,𒀿
irib,𒀿
šigagu,𒀿
šikangu,𒀿
ba,𒁀
be₄,𒁀
bi₆,𒁀
libit,𒁀
pa₂,𒁀
wa₂,𒁀
ba₉,𒁁
bad,𒁁
bada,𒁁
bara₄,𒁁
bat,𒁁
bata,𒁁
baṭ,𒁁
be,𒁁
bi₄,𒁁
bid₂,𒁁
bit₂,𒁁
dihi,𒁁
dim₇,𒁁
edim,𒁁
eš₇,𒁁
idin,𒁁
mat₂,𒁁
me₄,𒁁
med,𒁁
met,𒁁
meṭ,𒁁
mit,𒁁
miti,𒁁
mitu,𒁁
miṭ,𒁁
mud₂,𒁁
mut₂,𒁁
paₓ,𒉻
pad₂,𒁁
pat₂,𒁁
paṭ₂,𒁁
pe₃,𒁁
pet₂,𒁁
pi₃,𒁁
pid₂,𒁁
pit₂,𒁁
qit₃,𒁁
sugin,𒁁
sungin,𒁁
ṣiṣ,𒁁
ti₅,𒁁
tile,𒁁
ṭil₂,𒁁
ulal,𒁁
zar₅,𒁁
zara₅,𒁁
zaz,𒁁
zis,𒁁
ziz,𒁁
zu₄,𒁁
zuru₉,𒁁
zar₆,𒁁𒀸
zara₆,𒁁𒀸
zuru₁₀,𒁁𒀸
dabda₂,𒁁𒁁
buruₓ,𒋲
gurinₓ,𒋲
gurun₂,𒁁𒅆𒁁
kurunₓ,𒋲
sagmaš,𒁁𒆜
saŋmaš,𒁁𒆜
zanbur,𒁁𒆜
adₓ,𒂗
adama,𒁁𒈪
adamu,𒁁𒈪
mudgi,𒁁𒈪
lugud,𒁁𒌓
agaš,𒁁.X
/allura/,𒁃
alurₓ,𒁃
bahar₂,𒁃
lil₇,𒁃
lillu,𒁃
muštaptin,𒁃
nunurra,𒁃
nunurru,𒁃
bal,𒁄
bala,𒁄
balak,𒁄
bul₃,𒁄
kulₓ,𒄑𒆰
pal,𒁄
pala₄,𒁄
pul₃,𒁄
minbulugₓ,𒁑𒉄
balag,𒁆
balaŋ,𒁆
bulug₅,𒁆
buluŋ₅,𒁆
bulunₓ,𒉽𒉽
bum₂,𒁆
gud₁₀,𒁆
gudu₁₀,𒁆
lumha,𒁆
takaₓ,𒔋
hurinₓ,𒁆𒀀
tegi,𒁆𒈜
tigi,𒁆𒈜
tigu,𒁆𒈜
zabitum,𒁆𒌉
ba₁₅,𒁇
bar,𒁇
bara,𒁇
bare,𒁇
par₂,𒁇
para₂,𒁇
sutu,𒑏
war,𒁇
kunga₂,𒋙𒀭
kungi₂,𒋙𒀭
kunga,𒋙𒀯
kungi,𒋙𒀯
bahar₄,𒁇𒂔
nunmeli,𒁇𒄷𒆕
bar₂,𒁈
bara₂,𒁈
barag,𒁈
par₆,𒁈
para₁₀,𒁈
parag,𒁈
ša₂₃,𒁈
šar₆,𒁈
šara,𒁈
be₂,𒁉
bi,𒁉
biz,𒁉
dugₓ,𒋀𒅁
ebirₓ,𒁉
epir₂,𒁉
ešemen₅,𒁉
ešemin₅,𒁉
gaš,𒁉
huburₓ,𒉭
ka₈,𒁉
kas₂,𒁉
kaš,𒁉
kaṣ₂,𒁉
pe₂,𒁉
pi₂,𒁉
sa₁₈,𒁉
siris₄,𒁉
su₁₅,𒁉
ša₂₁,𒁉
šu₁₃,𒁉
kaš-bir₈,𒁉𒀀𒋤
kašbir,𒁉𒀀𒋤
ulušinₓ,𒁉𒀀𒋤
{kaš}ulušinₓ,𒁉𒀾
{kaš}ulušin,𒁉𒀾𒀀𒀭
{kaš}ulušin₃,𒁉𒀾𒀭
{kaš}ulušin₂,𒁉𒀾𒀭𒈾
lungaₓ,𒁋
kurun,𒁉𒁷
kušum,𒁉𒈜
šaqa,𒁉𒈜
šaqu,𒁉𒈜
šaqum,𒁉𒈜
kurun₅,𒁉𒈪
siris₅,𒁉𒈪
dida,𒁉𒌑𒊓
{kaš}dida,𒁉𒌑𒊓
pihu₄,𒁉𒌑𒊓
dida₂,𒍑𒊓
{kaš}dida₂,𒁉𒍑𒊓
pihu₅,𒍑𒊓
bappir₃,𒁋
bappira₃,𒁋
šembi₃,𒁌
šimbi₃,𒁌
bu,𒁍
bur₁₂,𒁍
dim₁₃,𒁍
dul₁₀,𒁍
dur₇,𒁍
gazibu,𒁍
gazimbi,𒁍
gazinbi,𒁍
gazinbu,𒁍
gi₂₇,𒁍
gid₂,𒁍
gida₂,𒁍
gidi₃,𒁍
gidim₃,𒁍
gim₇,𒁍
git₂,𒁍
giṭ₂,𒁍
guz₂,𒁍
ildumₓ,𒉄
kid₁₀,𒁍
kim₃,𒁍
kit₁₀,𒁍
madal,𒁍
madla,𒁍
madlu,𒁍
malla,𒁍
mudla,𒁍
mudlu,𒁍
mudra₃,𒁍
mudru₃,𒁍
mudul,𒁍
mulla,𒁍
mullu,𒁍
nun₃,𒁍
pi₈,𒁍
pu,𒁍
qid₂,𒁍
qit₂,𒁍
ra₅,𒁍
ser₂,𒁍
siₓ,𒋻
sir₂,𒁍
su₁₃,𒁍
sud₄,𒁍
sugₓ,𒋤𒉺𒂖
suš₃,𒁍
šaški,𒁍
šašku,𒁍
šer₂,𒁍
šir₂,𒁍
šud₂,𒁍
tur₈,𒁍
sirsir,𒁎
gutir,𒁏
kide,𒁏
unu₁₂,𒁐
bu₉,𒁑
bulug,𒁑
buluŋ,𒁑
magar,𒁑
magara,𒁑
mangara,𒁑
muš₆,𒁑
nagarₓ,𒁑
niŋinₓ,𒁑
mebulug₂,𒁒
menbulug₂,𒁒
minbulug₂,𒁒
šembulug,𒁒
šimbulug,𒁒
bur,𒁓
buru,𒁓
limₓ,𒐉
pur,𒁓
puru,𒁓
bal₂,𒁔
bu₈,𒁔
bul₂,𒁔
bulug₂,𒁔
bur₂,𒁔
buru₂,𒁔
du₉,𒁔
dun₅,𒁔
pul₂,𒁔
su₁₆,𒁔
sun₅,𒁔
šum₅,𒁔
ušu,𒁔
ušum,𒁔
bubbur,𒁔𒁔
aₓ,𒁕
da,𒁕
diₓ,𒁶
du₂₀,𒁕
idi₃,𒁕
le₁₀,𒁕
li₁₀,𒁕
qab₃,𒁕
ta₂,𒁕
ṭa,𒁕
gabraₓ,𒁕𒍑
ragabₓ,𒁕𒍑
bar₃,𒁖
bara₃,𒁖
barag₂,𒁖
da₈,𒁖
dag,𒁖
dak,𒁖
daq,𒁖
par₃,𒁖
para₃,𒁖
tag₂,𒁖
tak₂,𒁖
taq₂,𒁖
ṭak,𒁖
šihumₓ,𒁖𒆨
massa₂,𒁗
garim₂,𒁘
ŋarim₂,𒁘
šaran,𒁙
harₓ,𒆢
hara₄,𒁚
haru₄,𒁚
akan,𒁜
akani,𒁜
haraₓ,𒉸
kisim₇,𒁜
subₓ,𒋃
ubur,𒁜
massa,𒁜
keš₇,𒁝
kiši₇,𒁝
keš₈,𒁞
kirim,𒁞
kisiₓ,𒁞
kisim₄,𒁞
kiši₈,𒁞
udul₅,𒁟
utul₅,𒁟
hulum₃,𒁠
hunin,𒁠
ubur₃,𒁡
ubur₄,𒁢
gabar₂,𒁣
kabar₂,𒁣
lahta₆,𒁤
lahtan₆,𒁤
kisimₓ,𒁥
ubur₂,𒁥
amaš,𒁦
amaša,𒁦
kisim₃,𒁦
ua₄,𒁦
udul₃,𒁦
utua₂,𒁦
utul₃,𒁦
utuwa₂,𒁦
hulum,𒁧
ge₂₈,𒁨
šurin₄,𒁨
šurun₄,𒁨
rapiku,𒁩
rapiqu,𒁩
kisim₂,𒁪
zibin,𒁫
hara₅,𒁬
harub,𒁬
keš₉,𒁬
kisim,𒁬
kiši₉,𒁬
šaran₂,𒁬
šarin,𒁬
šurin₅,𒁬
šurun₅,𒁬
zibin₂,𒁬
udul₆,𒁭
utua,𒁭
utul₆,𒁭
utuwa,𒁭
ku₁₂,𒁖
lu₁₀,𒁖
da₄,𒁮
dam,𒁮
dama,𒁮
dum₃,𒁮
lam₃,𒁮
ta₄,𒁮
tam₂,𒁮
tum₁₀,𒁮
ṭa₄,𒁮
ṭam,𒁮
daₓ,𒉿
dar,𒁯
daš₄,𒁯
dir₂,𒁯
guₓ,𒍀
gun₃,𒁯
gunu₃,𒁯
tar₂,𒁯
tir₃,𒁯
ṭar₂,𒁯
ṭir₄,𒁯
dar₃,𒁰
dara₃,𒁰
durah,𒁰
tar₃,𒁰
tara₃,𒁰
tarah,𒁰
ṭar₃,𒁰
dar₄,𒁱
dara₄,𒁱
durahₓ,𒁱
gana₆,𒁱
ganam₆,𒁱
inna,𒁱
lahar₂,𒁱
lahrum₂,𒁱
mudru₄,𒋠𒀸
nina₂,𒁱
ninnaₓ,𒁱
tarahₓ,𒁱
ua₂,𒁱
u₁₀,𒁱
de,𒁲
di,𒁲
duₓ,𒋀𒅁
sa₂,𒁲
sal₂,𒁲
salagud,𒁲
salgud,𒁲
salim,𒁲
se₈,𒁲
si₈,𒁲
siliₓ,𒁲
silim,𒁲
silima,𒁲
sim₃,𒁲
sisaₓ,𒁲
śa₂,𒁲
ša₁₈,𒁲
šul₃,𒁲
te₁₀,𒁲
ti₄,𒁲
ṭe,𒁲
ṭi,𒁲
sadu,𒁲𒁲
guruštiₓ,𒁲.X
dab,𒁳
daba,𒁳
dabe,𒁳
dap,𒁳
deb,𒁳
dib,𒁳
dibi,𒁳
dip,𒁳
dubba,𒁾
dul₈,𒁳
nu₁₂,𒇻
teb,𒁳
tep,𒁳
tib,𒁳
tip,𒁳
ṭab₃,𒁳
ṭap₃,𒁳
ṭeb,𒁳
ṭep,𒁳
ṭib,𒁳
ṭip,𒁳
di₁₁,𒁴
dim,𒁴
dum₄,𒁴
mun₃,𒁴
tam₃,𒁴
tem,𒁴
ti₃,𒁴
tim,𒁴
tum₈,𒁴
ṭem,𒁴
ṭim,𒁴
gakkul₂,𒁵
kakkul₂,𒁵
mun,𒁵
munu,𒁵
dem₂,𒁶
dim₂,𒁶
dima₂,𒁶
ge₁₈,𒁶
gem,𒁶
gen₇,𒁶
gi₁₈,𒁶
gim,𒁶
gimi,𒁶
gin₇,𒁶
ke₅,𒁶
kem,𒁶
ki₅,𒁶
kim,𒁶
kin₈,𒁶
mušda,𒁶
mušdam,𒁶
mušdama,𒁶
qim,𒁶
šidi,𒁶
šidim,𒁶
šilamₓ,𒉣𒇬
šitim,𒁶
šitalamₓ,𒁶
/šitlam/,𒁶
tam₆,𒁶
ṭem₂,𒁶
ṭim₂,𒁶
dan₅,𒁷
den,𒁷
di₂,𒄭
din,𒁷
dini,𒁷
gurun₈,𒁷
idinₓ,𒁷
kurun₂,𒁷
ten₂,𒁷
ti₂,𒄭
tilₓ,𒌉𒌉
tim₃,𒁷
tin,𒁷
ṭen,𒁷
ṭin,𒁷
sagkurun,𒁸
babilaₓ,𒆍𒀭
din-tir,𒁷𒊺𒉪
gamun,𒁷𒊺𒉪
anₓ,𒂦
ana,𒁹
aš₁₀,𒁹
daš₂,𒁹
deš,𒁹
diš,𒁹
diša,𒁹
duš₂,𒁹
gala₁₀,𒇽𒁹
ge₃,𒁹
geš₂,𒐕
gešta,𒐕
gi₃,𒐕
giš₂,𒐕
ŋeš₂,𒐕
ŋiš₂,𒐕
il₄,𒁹
ili₆,𒁹
eš₄,𒁹
iš₄,𒁹
m,𒁹
makaš,𒁹
makkaš,𒁹
muš₇,𒌋𒁯
nigida,𒁹
saŋtak₄,𒁹
salubug₂,𒁹
salugub₂,𒁹
sandak₄,𒁹
santa₄,𒁹
santag₄,𒁹
santak₄,𒁹
šantag,𒁹
šantak,𒁹
tal₄,𒁹
taš₂,𒁹
til₅,𒁹
tiš,𒁹
tiz,𒁹
ṭiš,𒁹
uš₉,𒁹
1(diš),𒁹
1(diš@c),𒁹
diš@c,𒁹
barig@c,𒁹
1(barig),𒁹
1(barig@c),𒁹
1(bariga),𒁹
1(bariga@c),𒁹
ašdar₂,𒁹𒁯
uₓ(DIŠ)-gun₃,𒁹𒁯
eš₅,𒁹𒁹𒁹
eša₅,𒁹𒁹𒁹
eššaba,𒁹𒁹𒁹𒌋𒌋
eššana,𒁹𒁹𒁹𒌋𒌋
iššebu,𒁹𒁹𒁹𒌋𒌋
iššebuₓ,𒁹𒁹𒁹𒌍
ar₆,𒁺
ara₆,𒁺
aragub,𒁺
de₆,𒁺
di₆,𒁺
du,𒁺
dulₓ,𒌨
er₁₀,𒁺
ge₁₃,𒁺
gen,𒁺
gim₆,𒁺
gin,𒁺
ginaₓ,𒁺
gir₇,𒁺
gub,𒁺
guba,𒁺
gubu,𒁺
gup,𒁺
ŋen,𒁺
ŋin,𒁺
ŋim₆,𒁺
im₆,𒁺
ir₁₀,𒁺
kaš₅,𒁺
kim₆,𒁺
kin₇,𒁺
kuₓ,𒉐
kub,𒁺
kup,𒁺
kurₓ,𒇸
lah₆,𒁺
men₃,𒁺
miₓ,𒁺
naₓ,𒌓𒉌
qub,𒁺
qup,𒁺
ra₂,𒁺
re₆,𒁺
ri₆,𒁺
ša₄,𒁺
še₁₃,𒁺
tu₃,𒁺
tum₂,𒁺
tuma₂,𒁺
tumu₂,𒁺
ṭu₃,𒁺
ur₈,𒁺
erₓ,𒈀
gidₓ,𒁺𒁺
lah₅,𒁺𒁺
laha₅,𒁺𒁺
lalah₂,𒁺𒁺
rahₓ,𒁽𒁽
šuₓ,𒋺
lahₓ,𒁻𒁻
lalahₓ,𒁺𒁺𒁺𒁺
reₓ,𒁽𒁽
suₓ,𒋳
rig₁₂,𒁺𒄸
rige₁₂,𒁺𒄸
la₄,𒁻
lah₄,𒁻
laha₄,𒁻
lalah,𒁻
re₇,𒁻
ri₇,𒁻
su₈,𒁻
sub₂,𒁻
sug₂,𒁻
sup₂,𒁻
išdu,𒁼
gim₅,𒁼
gir₆,𒁼
giri₆,𒁼
im₅,𒁼
išdumₓ,𒁼
kas₅,𒁼
kim₅,𒁼
suh₆,𒁼
suhuš,𒁼
šuhuš,𒁼
gigri,𒁼𒁼
ālik,𒁽
lāsimu,𒁽
gim₄,𒁽
gir₅,𒁽
giri₅,𒁽
girim₂,𒁽
im₂,𒁽
ka₇,𒁽
kaku,𒁽
kamaš,𒁽
kas₄,𒁽
kaš₄,𒁽
kim₄,𒁽
lah₇,𒁽𒁽
raₓ,𒌌
rim₄,𒁽
gan₃,𒁽𒀀
gana₃,𒁽𒀀
gigri₂,𒁽𒁽
leʾum,𒁾
dab₄,𒁾
deh,𒁾
dehi,𒁾
dih,𒁾
dub,𒁾
duba,𒁾
dubu,𒁾
dup,𒁾
kišib₃,𒁾
mebulug₃,𒁾
menbulug₃,𒁾
mes₂,𒁾
samag,𒌝
simig,𒁾
sumug,𒌝
šen₄,𒁾
tehe,𒁾
tehi,𒁾
tub,𒁾
tup,𒁾
ṭub,𒁾
ṭup,𒁾
urud₂,𒁾
urudu₂,𒁾
zamug,𒁾
dibira,𒁾𒉄
tabira,𒁾𒉄
tebiru,𒁾𒉄
tibira,𒁾𒉄
gaz₃,𒁿
dim₅,𒂀
dub₂,𒂀
duba₂,𒂀
dubu₂,𒂀
dup₂,𒂀
sagkurini,𒂀
tig₃,𒂀
tu₁₆,𒂀
tub₂,𒂀
tunₓ,𒅾
tup₂,𒂀
ṭub₂,𒂀
dug,𒂁
duk,𒂁
duka,𒂁
duq,𒂁
ebir,𒂁
epig₂,𒂁
epir,𒂁
gurin,𒄧
gurun₇,𒂁
kurum₁₀,𒂁
kurin,𒂁
kurun₃,𒂁
liṭ₂,𒂁
lud,𒂁
lum₃,𒂁
lumu₃,𒂁
lut,𒂁
lutu,𒂁
luṭ,𒂁
luṭu,𒂁
si₁₄,𒂁
šikin₂,𒂁
ṣurṣub,𒂁
tug₃,𒂁
tuk₃,𒂁
tuq₃,𒂁
ulud,𒂁
urrub,𒂁
ursub,𒂁
urṣub,𒂁
urzub,𒂁
zurzub,𒂁
baharₓ,𒌋𒊬
lumₓ,𒕇
bahar₅,𒂁𒋡𒁓𒈾
šakirₓ,𒆠𒀭𒌓
šugurₓ,𒒦
duguₓ,𒂂
dugud,𒂂
duguda,𒂂
dukudₓ,𒂂
gi₂₅,𒂂
ŋi₂₅,𒂂
kaptu,𒂂
qaptu,𒂂
duh,𒃮
du₂₄,𒂄
dun,𒂄
duna,𒂄
dur₉,𒂄
duru₉,𒂄
sah₃,𒂄
su₁₇,𒂄
sul,𒂄
šah₂,𒂄
šahan₃,𒂄
šul,𒂄
tun₄,𒂄
zu₇,𒂄
zahdaₓ,𒂄𒉈𒌉
du₅,𒂅
dug₅,𒂅
dun₃,𒂅
su₁₈,𒂅
sug₅,𒂅
tu₁₈,𒂅
tun₃,𒂅
tuna₃,𒂅
tug₈,𒂅
ṭu,𒂅
aga₃,𒂆
aŋa₃,𒂆
ge₁₁,𒂆
gi₁₁,𒂆
gig₄,𒂆
giŋ₄,𒂆
gim₂,𒂆
gin₂,𒂆
gina₂,𒂆
puš₄,𒂆
aga-us₂,𒂆𒍑
uku-uš,𒂆𒍑
aga,𒂇
agu,𒂇
ir₁₇,𒂇
mer,𒂇
mere,𒂇
migir,𒂇
mir,𒂇
miri,𒂇
nigir,𒂇
niŋir,𒂇
nimgir,𒂇
nimirₓ,𒂇
ten₃,𒂇
tin₃,𒂇
uku,𒂇
ukuš,𒂇𒍑
nirₓ,𒂇𒍝
dul₄,𒂈
dun₄,𒂈
migir₂,𒂈
nigir₂,𒂈
niŋir₂,𒂈
nimgir₂,𒂈
šudul₄,𒌪
šudun₄,𒂈
šutul₄,𒂈
šutun₄,𒂈
tul₆,𒂈
dur₂,𒂉
duru₂,𒂉
durun,𒂉
durum₂,𒂉
duruna,𒂉
tur₇,𒂉
ṭur₂,𒂉
e,𒂊
eg₂,𒂊
eki,𒂊
i₁₅,𒂊
ig₂,𒂊
šuruₓ,𒋠𒀸
yi₃,𒂊
kuru,𒂊𒋤𒄽
gur₂₁,𒂊𒌈
guru₂₁,𒂊𒌈
kur₁₄,𒂊𒌈
kuru₁₄,𒂊𒌈
kurul₁₄,𒂊𒌈
guruₓ,𒅆𒂟
kurulₓ,𒂊𒌈𒃡
hilibu,𒂌
ʾa₃,𒂍
aʾ₃,𒂍
a₁₄,𒂍
bītu,𒂍
bed,𒂍
bet,𒂍
betu,𒂍
bid,𒂍
bit,𒂍
biti,𒂍
bitu,𒂍
biṭ,𒂍
e₂,𒂍
eʾ₃,𒂍
iski,𒂍
pet,𒂍
pid,𒂍
pit,𒂍
piṭ,𒂍
eʾi,𒂍𒀀
eʾu,𒂍𒀀
eduruₓ,𒂍𒀀
...ingara,𒂍𒄑𒌆𒉿𒀭𒊺𒉀
eurre,𒂍𒆠𒋧𒂵
...la,𒂍𒆠𒋧𒂵
arala,𒂍𒆳𒁁
arali,𒂍𒆳𒁁
[...]ennu,𒂍𒈂𒀀
itimaₓ,𒂐
agrun,𒂍𒉣
agruₓ,𒂍𒉣
agrunaₓ,𒂍𒉣
e₂-gar₆,𒂍𒉣
amaₓ,𒂑
ameₓ,𒂍𒊩
egar,𒂍𒋞
igar,𒂍𒋞
ingar,𒂍𒋞
esagₓ,𒂒
arah₄,𒂍𒍑𒁍𒁕
araha,𒂍𒍑𒁍𒁕
ašlug,𒂍𒍑𒁍𒁕
edakuaₓ,𒂸
egaraₓ,𒂏
eŋaraₓ,𒂏
ŋalgaₓ,𒉤
gagigₓ,𒂐
[...],𒈀𒇲
arhušₓ,𒂑
emeₓ,𒊩𒂗
urₓ,𒋺
ušₓ,𒍖
arahₓ,𒍑𒁍𒁕
usiₓ,𒂒
sadₓ,𒂓
ulaₓ,𒂓
bilₓ,𒂔
bir₄,𒂔
dinₓ,𒂔
eden,𒂔
edena,𒂔
edimₓ,𒂔
edin,𒂔
edina,𒂔
eru₅,𒂔
erua₂,𒂔
gurₓ,𒊺𒊺𒆥
idenₓ,𒂔
la₈,𒂔
rabita,𒂔
ri₁₀,𒂔
ribₓ,𒂔
ru₆,𒂔
eger,𒂕
egera,𒂕
egir,𒂕
eŋer,𒂕
eŋera,𒂕
eŋir,𒂕
lumhaₓ,𒂕
tum₁₃,𒂕
dam₀,𒂖
el,𒂖
ele₂,𒂖
eš₁₄,𒂖
il₅,𒂖
ili₅,𒂖
ram₀,𒂖
sikil,𒂖
zamₓ,𒍡
amₓ,𒂗
en,𒂗
ena,𒂗
eni,𒂗
enu,𒂗
in₄,𒂗
ru₁₂,𒂗
uru₁₆,𒂗
urunₓ,𒂗
enegi₃,𒂗𒁶.X
enegir₃,𒂗𒁶.X
ennigi₃,𒂗𒁶.X
engizₓ,𒂗𒄀
tungal₂,𒂗𒆠
tunŋal₂,𒂗𒆠
ellil,𒂗𒆤
en-lil₂,𒂗𒆤
illil,𒂗𒆤
nibri,𒂗𒆤
nibru,𒂗𒆤
mudru₂,𒂗𒆪𒀀
ensiₓ,𒉺𒋼𒋛𒃻
mašda₄,𒂗𒈦𒆕
šennu,𒂗𒈨𒀜𒆬
ukurrim,𒂗𒈨𒀭𒈹
engiz,𒂗𒈨𒄀
murub₃,𒂗𒈨𒇬
ensi,𒂗𒈨𒇷
šešlam₂,𒂗𒈨𒇷
endib,𒂗𒈨𒍣𒀭𒈾
endub,𒂗𒈨𒈬
ennigi₂,𒂗𒉭𒁶
zirru,𒂗𒉭𒍣𒀭𒋀𒆠
nunuzzi,𒂗𒉭𒍣𒀭𒌓
nuzzi,𒂗𒉭𒍣𒀭𒌓
nunuzziₓ,𒂗𒉭𒍣𒀭𒌓
enkum,𒂗𒉽𒅊𒉣𒈨𒂬
zirruₓ,𒂗𒊩𒈨𒉭𒍣𒀭𒋀𒆠
suruen,𒂗𒋀
ebeh,𒂗𒋾
ebih,𒂗𒋾
sin₃,𒂗𒍪
suen,𒂗𒍪
suena,𒂗𒍪
tungal,𒂗𒍪
zuen,𒂗𒍪
zuena,𒂗𒍪
merimer₂,𒂝
merimeri₂,𒂝
mermer₂,𒂝
mermeri₂,𒂝
bar₈,𒂙
bur₁₄,𒂙
buru₁₄,𒂙
ebur,𒂙
eburuₓ,𒂙
enkar,𒂙
enkara,𒂙
ešgiri₂,𒂙
eškiri₂,𒂙
geššir,𒂙
giššir,𒂙
ŋeššir,𒂙
ŋiššir,𒂙
ru₁₃,𒂙
sibir₂,𒂙
sullim,𒂙
šibir₂,𒂙
enme,𒂚
ensi₃,𒂚
engiz₂,𒂚𒄀
adamen₅,𒂛
adamin₅,𒂛
dalhamun₂,𒂛
merimer,𒂛
merimeri,𒂛
mermer,𒂛
mermeri,𒂛
nigir₃,𒂛
nimgigri,𒂛
nimgirgirri,𒂛
urbigu₂,𒂛
urbingu₂,𒂛
dalhamun₃,𒂛𒅐
nimgigri₂,𒂛𒅐
nimgirgirri₂,𒂛𒅐
adaminₓ,𒂜
eren,𒂞
erena,𒂞
erin,𒂞
erina,𒂞
še₂₂,𒂞
šeš₄,𒂞
šurmenₓ,𒋗𒂞𒈨
ṣab,𒂟
ṣābu,𒂟
bir₃,𒂟
erem,𒂟
eren₂,𒂟
erena₂,𒂟
erim,𒂟
erin₂,𒂟
erina₂,𒂟
hiš₃,𒂟
lah₂,𒂟
lih₂,𒂟
nura,𒂟
nuri,𒂟
nuru,𒂟
par₅,𒂟
per₂,𒂟
pir₂,𒂟
rin₂,𒂟
rina₂,𒂟
sap₂,𒂟
ṣap,𒂟
ṣapa,𒂟
tam₅,𒂟
udaₓ,𒂟
zab,𒂟
zalag₂,𒂟
zap,𒂟
urume,𒂟𒈾
tidnumₓ,𒒭
ege,𒂠
eger₂,𒂠
egi,𒂠
egir₂,𒂠
eš₂,𒂠
eše₂,𒂠
ge₇,𒂠
ger₁₅,𒂠
gi₇,𒂠
gir₁₅,𒂠
ŋe₇,𒂠
ŋer₁₅,𒂠
ŋi₇,𒂠
ŋir₁₅,𒂠
hug,𒂠
huŋ,𒂠
hun,𒂠
iš₉,𒂠
izid,𒂠
nah₂,𒂠
ša₁₆,𒂠
še₃,𒂠
ši₄,𒂠
šu₃,𒂠
ṣi₉,𒂠
ub₂,𒂠
uba₂,𒂠
up₂,𒂠
ešemen₃,𒂠𒄾
ešemin₃,𒂠𒄾
sura₁₃,𒂠𒅗
surra₁₃,𒂠𒅗
zir₂,𒂠𒅗
titabₓ,𒍥𒈖
ebih₂,𒂠𒈤
še₃-munu₄,𒂠𒉽𒉽
saman,𒂠𒋤𒉣𒂠𒌅
samanurₓ,𒂠𒋤𒉣𒂠𒌅
samun+,𒂠𒋤𒉣𒂠𒌅
šaman+,𒂠𒋤𒉣𒂠𒌅
šamanur+,𒂠𒋤𒉣𒂠𒌅
saman₂,𒂠𒋤𒉣𒂠𒌅
saman₃,𒂠𒋤𒉣𒂠𒌅
dabin,𒂠𒊺
zikumₓ,𒆹
zi₃-kum₄,𒂠𒌓
karₓ,𒆒
karaₓ,𒍥
kiriₓ,𒌋𒀜
zi₃,𒍥
zid₂,𒍥
asilₓ,𒂡
asilaₓ,𒂬
asilalₓ,𒂡
badₓ,𒂡
esen,𒂡
esin,𒂡
ezem,𒂡
ezema,𒂡
ezen,𒂡
ezena,𒂡
ezin,𒂡
izen,𒂡
izim,𒂡
izin,𒂡
izun,𒂡
ser₃,𒂡
sidra,𒂡
silₓ,𒂰
sir₃,𒂡
sirda,𒂡
sirim₂,𒂡
šer₃,𒂡
šir₃,𒂡
asil₃,𒂢
asila₃,𒂢
asilal₃,𒂢
asillal₃,𒂢
murgišur,𒂢
numgišur,𒂢
sil₆,𒂢
silal,𒂢
asil₅,𒂣
asila₅,𒂣
asilal₅,𒂣
sil₇,𒂣
asil₄,𒂤
asila₄,𒂤
asilal₄,𒂤
sil₉,𒂤
uₓ,𒋠𒀸
ba₈,𒂦
bad₃,𒂦
bada₃,𒂦
bat₃,𒂦
dur₈,𒂦
durum,𒂦
u₉,𒂦
ug₅,𒂦
uga₅,𒂦
uŋ₅,𒂦
uk₅,𒂦
un₃,𒂦
uq₅,𒂦
dūru,𒂦𒀭
dugin,𒂧
dugina,𒂧
dugin₂,𒂨
dugina₂,𒂨
mir₅,𒂨
akšakₓ,𒂩
udnimₓ,𒂮
kum₃,𒂬
sil₅,𒂬
sud₅,𒂬
ubar,𒂬
ubara,𒂬
ul₅,𒂬
umbara,𒂬
un₄,𒂬
usigi,𒂬
gugu₂,𒂭
kisig,𒂮
kisiga,𒂮
kišag,𒂮
silalₓ,𒂮
gubalag,𒂯
gubalaga,𒂯
gublaga,𒂯
laban,𒂯
asil,𒂰
asila,𒂰
asilal,𒂰
libin,𒂱
lubun,𒂲
gumle,𒂫
kisig₂,𒂫
udinim,𒂫
udnim,𒂫
usil,𒂳
asil₆,𒂴
asila₆,𒂴
asilal₆,𒂴
sil₁₀,𒂴
sillal,𒂴
ebir₄,𒂵
epir₄,𒂵
ga,𒂵
gar₉,𒂵
gara₉,𒂵
ge₂₀,𒂵
gu₁₁,𒂵
gur₁₁,𒂵
ha₇,𒂵
ka₃,𒂵
kur₁₅,𒂵
qa₂,𒂵
šizbu,𒂵
gar₁₁,𒂵𒀀
gara₁₁,𒂵𒀀
gar₁₂,𒂵𒁹
garₓ,𒉩
pešₓ,𒊮
gaeš,𒂵𒆜
gaiš,𒂵𒆜
garaₓ,𒂵𒆜
garaš₃,𒂵𒆜
kisim₆,𒂵𒆸
gar₁₀,𒂵𒉌
gara₁₀,𒂵𒉌
gar₂,𒂶
gara₂,𒂶
alba,𒂷
ba₄,𒂷
bisag,𒂷
bisaŋ,𒂷
bisan,𒂷
ešda₃,𒋖
ga₂,𒂷
ge₂₆,𒂷
ŋa₂,𒂷
ŋe₂₆,𒂷
ilba,𒂷
ma₃,𒂷
mal,𒂷
mala,𒂷
pisag,𒂷
pisaŋ,𒂷
pisan,𒂷
ša₁₃,𒂷
edakua,𒂸
alimₓ,𒄍
pi₇,𒂺
piru,𒂺
gakiṣṣu,𒂻
ama,𒂼
ame,𒂼
ami,𒂼
ammaₓ,𒆠
arhuš₄,𒂼
dagal,𒂼
dagala,𒂼
daŋal,𒂼
damal,𒂼
/damal/,𒂼
eme₄,𒂼
hegal,𒂼
imi₂,𒂼
maₓ,𒂼
šaganₓ,𒂼
šakkan₇,𒂼
amedu,𒂼𒀀𒌅
eme₄-e₄-du₂,𒂼𒀀𒌅
emedu₂,𒂼𒀀𒌅
agarim,𒂼𒀭𒈹
amalu,𒂼𒀭𒈹
amarim,𒂼𒀭𒈹
agarin₃,𒂼𒂆
aŋarin₃,𒂼𒂆
usud,𒂼𒆕𒀀
amalug,𒂼𒈜
malug,𒂼𒈜
agarin₄,𒂼𒋆
aŋarin₄,𒂼𒋆
agarin₅,𒂼𒋋
aŋarin₅,𒂼𒋋
garinₓ,𒊩𒇬
eme₄-du₂,𒂼𒌅
emedu,𒂼𒌅
ka...,𒂼.X
gaiku,𒂽
ŋaiku,𒂽
iku₂,𒂽
gazigal,𒂾
etutumₓ,𒂿
eṭutu,𒂿
sabad₂,𒂿
sad₃,𒂿
tilhar,𒂿
eburra,𒃀
gaburra,𒃂
ŋaburraₓ,𒃁
ŋaburra,𒃂
dan₇,𒃃
tan₇,𒃃
edi,𒃄
gadi,𒃄
munu₃,𒃅
emedub,𒃆
gadub,𒃆
ŋasikillaₓ,𒃇
eʾella,𒃈
esikilla,𒃈
gasikilla,𒃈
ŋasikilla,𒃈
menₓ,𒈫
esibir,𒃊
gasibir,𒃊
ŋasibir,𒃊
ŋanunₓ,𒃉𒉣
dan₄,𒃋
tan₄,𒃋
egara,𒃌
eŋara,𒃌
galga,𒃌
ŋalga,𒃌
išhara,𒃌
išhuru,𒃌
malga,𒃌
bisagₓ,𒃍
bisanₓ,𒃍
gagi₂,𒃍
gagia₂,𒃍
gurdub,𒃍
pisagₓ,𒃎
pisanₓ,𒃎
egia,𒃎
gagi,𒃎
gagia,𒃎
gurdub₂,𒃎
ŋagia,𒃎
ŋagiaₓ,𒃏
egirsu,𒃐
gagirsu,𒃐
ŋaŋirsu,𒃐
halubba,𒃑
ŋahallaₓ,𒃒
ehalla,𒃓
gahalla,𒃓
ŋahalla,𒃓
ehili,𒃔
gahili,𒃔
ŋahili,𒃔
garaš,𒃕
išhuru₅,𒃗
išhurum₅,𒃗
am₄,𒃘
ama₄,𒃘
me₇,𒃙
ŋalillaₓ,𒃚
elilla,𒃛
galilla,𒃛
ŋalilla,𒃛
eazag,𒃜
gaʾazag,𒃜
gazag,𒃜
ŋasag,𒃜
daŋalₓ,𒃝
dan₂,𒃞
era₃,𒃞
eri₁₅,𒃞
men,𒃞
menaₓ,𒃞
mi₄,𒃞
min₇,𒃞
tan₂,𒃞
gagig,𒃟
idi,𒃟
itim,𒃟
itima,𒃟
utima,𒃟
halubₓ,𒓇
ganun,𒃠
ŋanun,𒃠
ušuš,𒃠
gušur,𒃡
ŋušur,𒃡
ur₃,𒃡
ura₃,𒃡
uru₁₂,𒃡
era₄,𒃢
eri₁₆,𒃢
išhara₄,𒃢
išhur₄,𒃢
išhuru₄,𒃢
sila₄,𒃢
silaku,𒃢
am₅,𒃣
ama₅,𒃣
ame₂,𒃣
ami₂,𒃣
arhuš,𒃣
eme₈,𒃣
ur₁₄,𒃣
uš₃,𒃣
gazi₃,𒃤
bara₁₀,𒃖
gaga,𒃖
galgaₓ,𒉤
sabad₃,𒃖
sad₄,𒃖
gazi₂,𒃨
arah₃,𒃥
asagₓ,𒃥
esag₂,𒃥
esaŋ₂,𒃥
usi,𒃥
esagtur,𒃦
esaŋtur,𒃦
emedub₂,𒃧
dan₃,𒃩
tan₃,𒃩
dagₓ,𒃪
sabad,𒃪
sad₂,𒃪
ula₂,𒃪
erim₄,𒃫
erin₄,𒃫
etam,𒃫
karam,𒃫
...e,𒃬
gazi,𒓊
gazaₓ,𒓊
lirumₓ,𒄒𒍝
du₈,𒃮
dudda,𒃮
ga₁₅,𒃮
gab,𒃮
gaba,𒃮
gap,𒃮
irtu,𒃮
pitru,𒃮
qab,𒃮
qap,𒃮
tah₂,𒃮
tu₂₄,𒃮
tuh,𒃮
tuhu,𒃮
ṭah₂,𒃮
ṭuh,𒃮
ṭu₅,𒃮
gabaₓ,𒓋
gad,𒃰
gada,𒃰
gadu,𒃰
gat,𒃰
gid₄,𒃰
gida₄,𒃰
kad,𒃰
kat,𒃰
kid₉,𒃰
kit₉,𒃰
kut₂,𒃰
qad₃,𒃰
qat₃,𒃰
qaṭ₃,𒃰
qid₄,𒃰
akkil₃,𒃰𒋺
ašša₂,𒃰𒋺
ašta,𒃰𒋺
kil₄,𒃰𒋺
...gi,𒃰𒋺𒄑
gim₈,𒃰𒋺𒄑
seg₈,𒃰𒋺𒄑
sig₈,𒃰𒋺𒄑
uruaka,𒃰𒋺𒄑
uruišdua,𒃰𒋺𒄑
uruišduha,𒃰𒋺𒄑
urulla,𒃰𒋺𒄑
akkil,𒃰𒋺𒋛
kinda,𒃱
gal,𒃲
gala₈,𒃲
gale,𒃲
kal₂,𒃲
qal,𒃲
rab₂,𒃲
rap₂,𒃲
ereš₅,𒃲𒀭𒍪
ašgabgalₓ,𒃲𒀿
bahargalₓ,𒃲𒁇𒂔
ušumgal,𒃲𒁔
gal-di,𒃲𒁲
galti,𒃲𒁲
dimgal,𒃲𒁴
šidimgalₓ,𒃲𒁶
niŋirgalₓ,𒃲𒂇
kindagal,𒃳
kindaŋal,𒃳
azlaggalₓ,𒃲𒄑𒌆𒋼𒀀𒁺
sukkalgalₓ,𒃲𒈛
nagargalₓ,𒃲𒉄
santan,𒃲𒉌
santana,𒃲𒉌
šandan,𒃲𒉌
šandana,𒃲𒉌
ukra,𒃲𒋚
ukur₂,𒃲𒋚
tiru,𒃲𒋼
tirum,𒃲𒋼
gallagalₓ,𒃲𒋼𒇲
simuggalₓ,𒃲𒌣
kindagal₂,𒃲𒌵
kingal,𒃲𒌺
erištiₓ,𒃲𒍪
gagazu,𒃲𒍪
gal-zu,𒃲𒍪
gaₓ,𒈨
galam,𒃴
gud₅,𒃴
sukud,𒃴
sukuₓ,𒇸
ubi,𒃴
gagalam,𒃴𒃴
gibil₅,𒃴𒃴
ar₅,𒃵
gam,𒃵
gan₇,𒃵
girum,𒃵
gum₄,𒃵
gur₂,𒃵
guru₂,𒃵
gurum,𒃵
qam,𒃵
qur₃,𒃵
gigirum,𒃵𒃵
gam₄,𒃶
gan,𒃶
gana,𒃶
he₂,𒃶
hi₂,𒃶
kan,𒃶
kana,𒃶
li₆,𒃶
qan,𒃶
sag₇,𒃶
seg₁₆,𒃶
sig₁₆,𒃶
eqlu,𒃷
al₃,𒃷
alalₓ,𒃷
aša₅,𒃷
ašag,𒃷
ga₃,𒃷
gan₂,𒃷
gana₂,𒃷
ŋa₃,𒃷
girriₓ,𒄒
iku,𒃷
išhuru₃,𒃷
išhurum₃,𒃷
kalaₓ,𒃷
kan₂,𒃷
kana₂,𒃷
mulu₄,𒃷𒁍
ul₈,𒃷
ululₓ,𒃷
mulu₄-bu,𒃷𒁍
šanna,𒃷𒁍
alal₄,𒃺
ulul₂,𒃺
gar₁₉,𒃸
garak,𒃸
gur₆,𒃸
guru₆,𒃸
kar₂,𒃸
kara₂,𒃸
kiri₂,𒃸
gugru,𒃸𒃸
ga₄,𒃻
gar,𒃻
gara,𒃻
garak₅,𒃻
ŋar,𒃻
inda₃,𒃻
inta₃,𒃻
kar₅,𒃻
mar₃,𒃻
menari,𒃻
mu₈,𒃻
neq₂,𒃻
ni₃,𒃻
nig₂,𒃻
nigiₓ,𒃻
niŋ₂,𒃻
nik₂,𒃻
nim₅,𒃻
nin₆,𒃻
ninda,𒃻
nindan,𒃻
ninni₃,𒃻
niq₂,𒃻
niqiₓ,𒃻
nita₄,𒃻
qar₃,𒃻
qara₃,𒃻
sa₁₅,𒃻
ša₂,𒃻
šikin,𒃻
šu₇,𒃻
gapi,𒃻𒂺
nisikiₓ,𒄑𒃻𒌢
argab,𒃻𒅁
arkab,𒃻𒅁
irkab,𒃻𒅁
gideštaₓ,𒃻𒑛𒋡
kibsur,𒃻𒆸
kibšur,𒃻𒆸
gug₃,𒃻𒈖
gugina,𒃻𒈖
balla₂,𒃻𒊕𒅍𒂡𒊩
balla,𒃻𒊕𒅍𒂡𒍑
kadra₂,𒃻𒊮
kadra,𒃻𒊮𒀀
kadri,𒃻𒊮𒀀
kadru,𒃻𒊮𒀀
kadra₃,𒃻𒊯
kadri₃,𒃻𒊯
kadru₃,𒃻𒊯
uttuku,𒃻𒋃
utugₓ,𒃻𒋃
utuqₓ,𒃻𒋃
uṭuku,𒃻𒋃
immal₃,𒃻𒋗𒂂
gidešta,𒃻𒑚𒋡
gar₃,𒃼
gara₃,𒃼
ŋar₃,𒃼
kar₃,𒃼
qar,𒃼
qer₅,𒃼
gašan,𒃽
ugun₂,𒃽
ugunu₂,𒃽
geštin,𒃾
geštin@d,𒃾
geština,𒃾
ŋeštin,𒃾
ŋeština,𒃾
/mutin/,𒃾
adar₃,𒃿
ildag₄,𒃿
ešša₃,𒄀
ge,𒄀
gen₆,𒄀
gi,𒄀
gin₆,𒄀
gitag,𒄀
ke₂,𒄀
ki₂,𒄀
qan₂,𒄀
qe₃,𒄀
qi₃,𒄀
seg₁₇,𒄀
si₂₂,𒄀
sig₁₇,𒄀
sissiₓ,𒄀
tar₅,𒄀
taru₅,𒄀
kilim₃,𒄀𒆕
ama₃,𒄀𒇻
šutumₓ,𒈪𒈾𒀊𒌋𒄞
šutum,𒄀𒈾𒀊𒌋𒄞
šutum₂,𒄀𒈾𒀊𒌋𒄞
šudug,𒄀𒉻
esir₄,𒄃
ge₁₆,𒄃
gel,𒄃
gig₃,𒄃
gi₁₆,𒄃
gib,𒄃
gil,𒄃
gili,𒄃
gilibₓ,𒄃
gilim,𒄃
gillim,𒄃
kil₂,𒄃
kilim₂,𒄃
qil₂,𒄃
qili₂,𒄃
unu₁₀,𒄃
ga₈,𒄄
gagri,𒄄
ge₄,𒄄
gi₄,𒄄
ki₈,𒄄
qe₄,𒄄
qi₄,𒄄
kilₓ,𒄅
esir₅,𒄆
gigi,𒄆
gedim,𒄇
gidim,𒄇
kitim,𒄇
ge₁₇,𒈪𒉭
gi₁₇,𒈪𒉭
gib₃,𒈪𒉭
gig,𒈪𒉭
kiŋ,𒈪𒉭
kik,𒈪𒉭
qiq,𒈪𒉭
simₓ,𒅢
gir₂,𒄈
giri₂,𒄈
ŋir₂,𒄈
ŋiri₂,𒄈
irₓ,𒈀𒇲
mer₃,𒄈
meri₃,𒄈
miriₓ,𒄊
patru,𒄈
ukur,𒄈
ad₂,𒄉
adda₄,𒄉
addu₃,𒄉
at₂,𒄉
aṭ₂,𒄉
kiša₂,𒄉
kišeg₂,𒄉
kiši₁₇,𒄉
kišig₂,𒄉
kišik₂,𒄉
tab₂,𒄉
ul₄,𒄉
anše₂,𒄊
anšu₂,𒄊
er₉,𒄊
ger₃,𒄊
gir₃,𒄊
giri₃,𒄊
giru₃,𒄊
ŋir₃,𒄊
ŋiri₃,𒄊
huš₂,𒄊
imeriₓ,𒄊
ir₉,𒄊
kir₁₀,𒄊
kiri₅,𒄊
merₓ,𒄊
qir₇,𒄊
sakkan,𒄊
sumugga,𒄊
sumukan,𒄊
sumuqan,𒄊
šakan₂,𒄊
šakkan₂,𒄊
wir,𒄊
šaggin,𒄊𒀴
šaggina,𒄊𒀴
šagina,𒄊𒀴
šakan₆,𒄊𒀴
šakkana,𒄊𒀴
kišer,𒄊𒁇
šer₁₁,𒄊𒁇
sakkan₂,𒄊𒃢𒀀𒀭
hubud,𒄊𒋗𒅅
irgi,𒄊𒍞
alim,𒄋
alima,𒄋
gir₁₆,𒄌
giri₁₆,𒄌
girid₂,𒄌
ŋiri₁₆,𒄌
lulim,𒄎
lulima,𒄎
biz₂,𒄐
gisal,𒄐
gišal,𒄐
gizal,𒄐
ŋizzal,𒄐
ŋisal,𒄐
ŋizal,𒄐
mizal,𒄐
iṣu,𒄑
es,𒄑
eš₁₉,𒄑
eṣ,𒄑
ez,𒄑
geš,𒄑
gez,𒄑
gis,𒄑
giš,𒄑
giša,𒄑
giṣ,𒄑
giz,𒄑
ŋeš,𒄑
ŋiš,𒄑
ŋizzalₓ,𒄑𒌆𒉿𒋔𒉣
is,𒄑
iš₆,𒄑
iṣ,𒄑
iz,𒄑
kis₂,𒄑
miš₃,𒄑
mu₉,𒄑
nis₂,𒄑
neš₂,𒄑
niš₂,𒄑
mišsun,𒄑𒁁
gira₂,𒄑𒁇
geš-tin,𒄑𒁷
wi₅,𒄑𒁷
gilgames,𒄑𒂆𒈦
gilgameš,𒄑𒂆𒈦
kaŋeškaraₓ,𒄑𒅗𒆓
gešbunₓ,𒄑𒆠𒁉
ŋeštukul₂,𒄑𒆪
umma,𒄑𒆵
ummenₓ,𒄑𒆵
ummiₓ,𒄑𒆵
giriₓ,𒔼
ŋešgiriₓ,𒄑𒇽
amra,𒄑𒈣𒊏
dimmušₓ,𒄑𒈪
gissu,𒄑𒈪
gizzu,𒄑𒈪
ŋissu,𒄑𒈪
luhumₓ,𒄑𒈪
luhummu,𒄑𒈪
ṣil₄,𒄑𒈪
ubilla₂,𒄑𒈪
bil₄,𒄑𒉈
pil₄,𒄑𒉈
gilgames₃,𒄑𒉈𒂵𒈩
gilgameš₃,𒄑𒉈𒂵𒈩
bil₃,𒄑𒉋
gibilₓ,𒄑𒉋
pil₃,𒄑𒉋
ubilla,𒄑𒉋
gilgameš₂,𒄑𒉋𒂵𒈨𒌋𒌋𒌋
v+,𒄑𒉌
ŋeš-nu₁₁,𒄑𒉢
gešdu₃,𒄑𒉿𒌆
geštu₃,𒄑𒉿𒌆
geštug₃,𒄑𒉿𒌆
ŋeštu₃,𒄑𒉿𒌆
ŋeštug₃,𒄑𒉿𒌆
gišdu₃,𒄑𒉿𒌆
gištu₃,𒄑𒉿𒌆
gištug₃,𒄑𒉿𒌆
ŋištu₃,𒄑𒉿𒌆
ŋištug₃,𒄑𒉿𒌆
gešbuₓ,𒄑𒊒
gešpaₓ,𒄑𒊒
gešpuₓ,𒄑𒊒
ŋešbuₓ,𒄑𒊒
ŋešpaₓ,𒄑𒊒
ŋešpuₓ,𒄑𒊒
ummaₓ,𒌒𒈨
mišhaš,𒄑𒋻
gešdu₂,𒄑𒌆𒉿
geštu₂,𒄑𒌆𒉿
geštug₂,𒄑𒌆𒉿
ŋeštug₂,𒄑𒌆𒉿
ŋeštu₂,𒄑𒌆𒉿
gišdu₂,𒄑𒌆𒉿
gištu₂,𒄑𒌆𒉿
gištug₂,𒄑𒌆𒉿
ŋištug₂,𒄑𒌆𒉿
ŋištu₂,𒄑𒌆𒉿
ŋizzal₂,𒋔𒋡
ašlag₅,𒄑𒌆𒉿𒋼𒀀
azalag₅,𒄑𒌆𒉿𒋼𒀀
azlag₅,𒄑𒌆𒉿𒋼𒀀
ašlag₃,𒄑𒌆𒉿𒋼𒀀𒁺
azalag₃,𒄑𒌆𒉿𒋼𒀀𒁺
azlag₃,𒄑𒌆𒉿𒋼𒀀𒁺
ašlag₆,𒄑𒌆𒋼𒀀
azalag₆,𒄑𒌆𒋼𒀀
azlag₆,𒄑𒌆𒋼𒀀
ašlag₄,𒄑𒌆𒋼𒀀𒁺
azalag₄,𒄑𒌆𒋼𒀀𒁺
azlag₄,𒄑𒌆𒋼𒀀𒁺
gešhar,𒄓
gišhar,𒄓
ziz₄,𒄓
ezinuₓ,𒌂
qišatₓ,𒄔
šabuₓ,𒄔
terₓ,𒅼
tirₓ,𒉪
adamin₃,𒄒
adamen₃,𒄒
puhrum,𒄒
alal₃,𒄒
an₂,𒄒
dara₅,𒄒
dari₅,𒄒
daru₅,𒄒
dur₄,𒄒
duru₄,𒄒
durum₄,𒄒
hul₃,𒄒
kib,𒄒
kip,𒄒
gib₂,𒄒
gip₂,𒄒
liri₃,𒄒
liru₃,𒄒
lirum₃,𒄒
qeb,𒄒
qep,𒄒
qib,𒄒
qip,𒄒
šallur,𒄒
šennur,𒄒
tur₄,𒄒
ṭur₄,𒄒
ul₃,𒄒
ulul,𒄒
gur₁₇,𒄕
guru₁₇,𒄕
kana₇,𒄕
gu,𒄖
gumₓ,𒄖
ku₈,𒄖
qu₃,𒄖
saₓ,𒍠
sah₄,𒄗
sih₅,𒄗
suh₃,𒄗
zaₓ,𒍪
zih,𒄗
sishe,𒄗𒄗
kišādu,𒄘
gu₂,𒄘
gun₂,𒄘
lil₆,𒄘
qu₆,𒄘
tek,𒄘
tik,𒄘
tiq,𒄘
idigna,𒄘𒃼
dallaₓ,𒄘𒃼
nida,𒄘𒉭
biltu,𒄘𒌦
gun,𒄘𒌦
dur,𒄙
tur₂,𒄙
ṭur,𒄙
ṭuru,𒄙
duran,𒄙𒄒
turan,𒄙𒄒
ugurₓ,𒄚
munsub₃,𒄛
musub₃,𒄛
sub₃,𒄛
usan,𒄛
usian,𒄛
ušen,𒄛
gueriši,𒄜
munsub₄,𒄝
musub₄,𒄝
usaₓ,𒄝
usan₂,𒄝
alpu,𒄞
alap,𒄞
bahar,𒄞
dapar,𒄞
dapara,𒄞
dipar,𒄞
eštub,𒄞
gadma,𒄞
gar₄,𒄞
gara₄,𒄞
gidim₇,𒄞
gu₄,𒄞
gud,𒄞
gudma,𒄞
gudu,𒄞
gugarid,𒄞
har₂,𒄞
hara₂,𒄞
kamuš,𒄞
ku₁₅,𒄞
kušdim,𒄞
kušgim,𒄞
kušum₃,𒄞
lagabₓ,𒄞
qadma,𒄞
qudmaₓ,𒄞
rušban,𒄞
rušpan,𒄞
šušgim,𒄞
zeb₃,𒄞
zib₃,𒄞
lium,𒄞𒀭𒈾
ildag₂,𒄟
adar₂,𒄠
am,𒄠
ama₂,𒄠
ildag₃,𒄠
bišeba₃,𒄡
bišebi₃,𒄡
kaššeba₃,𒄡
kaššebi₃,𒄡
gul,𒄢
gulu,𒄢
isi₂,𒄢
isim₂,𒄢
isimu₂,𒄢
kul₂,𒄢
qul₂,𒄢
si₂₃,𒄢
sumun₂,𒄢
sumuna₂,𒄢
sumunu₂,𒄢
sun₂,𒄢
suna₂,𒄢
šun₃,𒄢
gas₂,𒄣
gaz₂,𒄣
gu₈,𒄣
gum,𒄣
kas₆,𒄣
ku₁₃,𒄣
kum,𒄣
kun₃,𒄣
nag₄,𒄣
naga₄,𒄣
naŋa₄,𒄣
nuŋa,𒄣
qu,𒄣
qum,𒄣
ša₉,𒄣
šaqu₃,𒄣
gas,𒄤
gaṣ,𒄤
gaz,𒄤
gaza,𒄤
kas₃,𒄤
kaš₆,𒄤
kaṣ₃,𒄤
kaz,𒄤
kazba,𒄤
kumₓ,𒉺
naga₃,𒄤
naŋa₃,𒄤
gur,𒄥
gura,𒄥
guru,𒄥
kur₃,𒄥
qur,𒄥
quru,𒄥
tari,𒄥
taru,𒄥
gur₇,𒄦
guru₇,𒄦
kara₆,𒄦
kuru₁₃,𒄦
bur₇,𒄧
buru₇,𒄧
guru₂₀,𒄧
gurumₓ,𒅆𒃻
gurun,𒄧
kurrunₓ,𒄧
kurun₆,𒄧
gireš₂,𒄨
giriš₂,𒄨
guruš,𒄨
ŋereš₂,𒄨
ŋuruš,𒄨
murušₓ,𒄨
ʾa₄,𒄩
a₇,𒄩
ayaₓ,𒌓
gir₁₄,𒄩
ha,𒄩
kir₉,𒄩
ku₆,𒄩
kua,𒄩
peš₁₁,𒄩
kuar,𒄩𒀀
kuara,𒄩𒀀
sah₆,𒄩𒀀
saha₆,𒄩𒀀
zah₂,𒄩𒀀
zaha₂,𒄩𒀀
dulluₓ,𒄩𒉄𒁍
enkuₓ,𒄩𒍠
bis₂,𒄫
biš,𒄫
buš₂,𒄫
ger,𒄫
gir,𒄫
giri,𒄫
ŋir,𒄫
ŋiri,𒄫
ha₆,𒄫
kar₄,𒄫
ker,𒄫
kir,𒄫
kiri,𒄫
pes,𒄫
peš,𒄫
pis,𒄫
piš,𒄫
piša,𒄫
pus,𒄫
puš₃,𒄫
qer,𒄫
qir,𒄫
qiri,𒄫
zubud,𒄪
zugud,𒄪
zenaₓ,𒕉
buluh,𒄬
bur₈,𒄬
buru₈,𒄬
buruh,𒄬
hal,𒄬
hala,𒄬
ʾi₃,𒄭
da₁₀,𒄭
dab₃,𒄭
de₈,𒄭
du₁₀,𒄭
dub₃,𒄭
dug₃,𒄭
dugu,𒄭
ha₄,𒄭
he,𒄭
hi,𒄭
i₁₁,𒄭
kugu,𒄭
muₓ,𒅤
ta₈,𒄭
te₂,𒄭
ṭa₃,𒄭
ṭab₆,𒄭
ṭe₂,𒄭
ṭi₂,𒄭
ha₂,𒄭𒀀
hiš₄,𒄭𒄊
huš,𒄭𒄊
huša,𒄭𒄊
hušuₓ,𒄭𒄊
ruš,𒄭𒄊
kaz₈,𒄮
kazaza,𒄮
mul₃,𒄮
muš₄,𒄮
sur₃,𒄮
uš₁₇,𒄮
ušša,𒄮
zinanutu,𒄮
ziz₃,𒄮
ar₃,𒄯
ara₃,𒄯
endibdim,𒄯
ga₁₁,𒄯
gadibdim,𒄯
gin₈,𒄯
gu₁₃,𒄯
gudibdim,𒄯
gur₁₄,𒄯
har,𒄯
hara,𒄯
hir₂,𒄯
hu₄,𒄯
hur,𒄯
huru,𒄯
ir₅,𒄯
kikken,𒄯
kikkin,𒄯
ken₂,𒄯
kin₂,𒄯
kinkin,𒄯
mar₆,𒄯
mur,𒄯
muru,𒄯
murum,𒄯
sagbar,𒄯
saggar₂,𒄯
saŋŋar₂,𒄯
ur₅,𒄯
ura₅,𒄯
uruₓ,𒌯
ur₅-ša₄,𒄯𒁺
urša,𒄯𒁺
ara₅,𒄯𒄯
kikken₂,𒄯𒄯
kikkin₂,𒄯𒄯
kinkin₂,𒄯𒄯
ur₅-gu₇,𒄯𒅥
urgu,𒄯𒅥
azubir,𒄯𒊕
azugna,𒄯𒊕
azukna,𒄯𒊕
du₁₅,𒄰
eriš₆,𒄰
gam₂,𒄰
gama₂,𒄰
hud₃,𒄰
ka₁₃,𒄰
kam,𒄰
kama,𒄰
qam₂,𒄰
tu₇,𒄰
udul₂,𒄰
utul₂,𒄰
as₆,𒄱
aš₈,𒄱
šardiš,𒄱
šargeš,𒄱
umma₂,𒄱
utulₓ,𒄱
sargad,𒄲
šargad,𒄲
šargadu,𒄲
gukin₂,𒄳
aʾ₂,𒄴
ah,𒄴
aha,𒄴
bi₉,𒄴
duga₃,𒄴
eʾ₂,𒄴
eh,𒄴
girišₓ,𒄴
guduₓ,𒄴
iʾ₂,𒄴
ih,𒄴
nu₁₃,𒄴
numun₃,𒄴
u₁₃,𒄴
uʾ₂,𒄴
uh,𒄴
uhu,𒄴
uman,𒄴
umun₃,𒄴
upluₓ,𒄴
kiši₁₃,𒄴𒆜
gudₓ,𒋺
guda₂,𒄴𒈨
guddaₓ,𒄴𒈨
gudu₄,𒄴𒈨
gudug,𒄴𒈨
šutug₂,𒄴𒈨
luhša,𒄴𒈨𒌋
luhšu,𒄴𒈨𒌋
ulu₂,𒄴𒈨𒌋
utul₁₂,𒄴𒈨𒌋
ber,𒄵
bir,𒄵
biri,𒄵
dubur,𒄵
ellag₂,𒄵
ellaŋ₂,𒄵
ellamₓ,𒄵
gereš,𒄵
gireš,𒄵
giriš,𒄵
kalam₂,𒄵
pir₃,𒄵
zanzana,𒄵
dubur₂,𒄶
šaru,𒄶
šarʾu,𒄶
1(šarʾu),𒐬
ʾu₅,𒄷
bag,𒄷
bah,𒄷
bak,𒄷
baq,𒄷
dalₓ,𒄷
hu,𒄷
muš₈,𒄷
mušen,𒄷
mušena,𒄷
pa₇,𒄷
pag,𒄷
pah₃,𒄷
pak,𒄷
paq,𒄷
puq₂,𒄷
talₓ,𒆔𒆔
u₁₁,𒄷
usan₅,𒄷
mat₃,𒄷𒄭
mu₁₂,𒄷𒄭
mud,𒄷𒄭
mut,𒄷𒄭
muṭ,𒄷𒄭
muṭuₓ,𒄷𒄭
usanda,𒄷𒆕
usandu,𒄷𒆕
sa₄,𒄷𒈿
ša₂₂,𒄷𒈿
še₂₁,𒄷𒈿
u₅,𒄷𒋛
ud₃,𒄷𒋛
hub₂,𒄸
hup₂,𒄸
kup₃,𒄸
tu₁₁,𒄸
tukₓ,𒋺
tumₓ,𒔾
tun₂,𒄸
rig₉,𒄸𒁺
hub,𒄽
hup,𒄽
qup₂,𒄽
tu₁₀,𒄽
tahta,𒄽
tahtu,𒄽
tun,𒄽
bibra,𒄾
bibri,𒄾
guggal,𒇻𒄾
gukkal,𒇻𒄾
hul₂,𒄾
hula₂,𒄾
kungal,𒇻𒄾
kuš₈,𒄾
ukuš₂,𒄾
i,𒄿
nat₂,𒄿
ia,𒅀
ie,𒅀
iu,𒅀
yi₂,𒅀
kun₄,𒄿𒇻
kuŋ₄,𒄿𒇻
dar₂,𒅁
dara₂,𒅁
dari₂,𒅁
daru₂,𒅁
darum₂,𒅁
diri₂,𒅁
eb,𒅁
ep,𒅁
ib,𒅁
ibbi,𒅁
ip,𒅁
uraš,𒅁
urta,𒅁
ari₂,𒅂
banda₄,𒅂
dehi₄,𒅂
eše₃,𒅂
haniš,𒅂
idim,𒅂
iri₈,𒅂
kir₅,𒅂
mid,𒅂
nagbu,𒅂
rapiqu₂,𒅂
sullat,𒅂
šullat,𒅂
tehi₄,𒅂
uri₄,𒅂
urumₓ,𒍍
bansur₂,𒅃
banšur₂,𒅃
buru₉,𒅃
gurunₓ,𒋲
kiši₁₁,𒅃
da₁₁,𒅅
eg,𒅅
eŋ,𒅅
ek,𒅅
eq,𒅅
ga₇,𒅅
gagal,𒅅
gal₂,𒅅
gala₇,𒅅
ŋal₂,𒅅
ig,𒅅
iga,𒅅
ik,𒅅
iq,𒅅
kagar,𒅅
/mal/,𒅅
mal₃,𒅅
mahru,𒅆𒁺
panu,𒍝𒈽𒀕
bad₅,𒅆
badi,𒅆
bat₅,𒅆
damu₂,𒅆
ge₈,𒅆
gi₈,𒅆
igaₓ,𒅆
igi,𒅆
igu,𒅆
ina₂,𒅆
ini₂,𒅆
inu₂,𒅆
lam₅,𒅆
le₃,𒅆
lem,𒅆
li₃,𒅆
lib₄,𒅆
lim,𒅆
lima,𒅆
limi,𒅆
lum₂,𒅆
pa₁₀,𒅆
pad₄,𒅆
pan₃,𒅆
si₁₇,𒅆
še₂₀,𒅆
ši,𒅆
ahhur,𒅆𒀀
imhur₄,𒅆𒀀
uhhur₃,𒅆𒀀
imhur₂,𒅆𒁉
uhhur,𒅆𒁉
igira,𒅆𒁍
ša₁₇,𒅇
u₃,𒅇
henzer,𒅆𒁴
henzir,𒅆𒁴
ubri₂,𒅆𒁴
ašarid,𒅆𒁺
ašaridu,𒅆𒁺
gešdu₄,𒅆𒁺
geštu₄,𒅆𒁺
igeštu,𒅆𒁺
igištu,𒅆𒁺
mahra,𒅆𒁺
palil,𒅆𒁺
agrig,𒅆𒁾
aŋrig,𒅆𒁾
geškim,𒅆𒁾
ŋeškim,𒅆𒁾
ŋešgem,𒅆𒁾
giskim,𒅆𒁾
giškim,𒅆𒁾
gizkim,𒅆𒁾
ŋiskim,𒅆𒁾
ŋiškim,𒅆𒁾
iskim,𒅆𒁾
izkim,𒅆𒁾
u₆,𒅆𒂍
ug₆,𒅆𒂍
burumₓ,𒅆𒂟
gurum₂,𒅆𒂟
kur₇,𒅆𒂟
kuru₇,𒅆𒂟
kurum₇,𒅆𒂟
sa₁₃,𒅆𒂟
sag₁₀,𒅆𒂟
saga,𒊕
seg₅,𒅆𒂟
sig₅,𒅆𒂟
ša₁₅,𒅆𒂟
libir,𒅆𒂠
si₅,𒅆𒂠
geštuₓ,𒅆𒂠𒁺
ildu,𒅆𒂠𒁺𒂟
ildum,𒅆𒂠𒁺𒂟
ilduma,𒅆𒂠𒁺𒂟
ildumma,𒅆𒂠𒁺𒂟
palil₂,𒅆𒂠𒁺𒂟
pallilₓ,𒅆𒂠𒁺𒂟
imhur₃,𒅆𒂵
uhhur₂,𒅆𒂵
dabda,𒅆𒅆
lalla₂,𒅆𒅆
lelle,𒅆𒅆
lelli,𒅆𒅆
lilli,𒅆𒅆
lilib,𒅆𒅆
dala₂,𒅆𒆕
dalla₂,𒅆𒆕
henburₓ,𒅆𒆕
šukur,𒅆𒆕
ubri,𒅆𒆕
ubrim,𒅆𒆕
ganzer₃,𒅆𒆳
ganzir₃,𒅆𒆳
halib,𒅆𒆳
hilib,𒅆𒆳
...luku,𒅆𒆳
ganzer,𒅆𒆳𒍝
ganzir,𒅆𒆳𒍝
ini₄,𒅆𒈫
īnuII,𒅆𒈫
ii,𒈫
ilduₓ,𒅆𒉄
ildu₂,𒅆𒉄𒁍
ildum₂,𒅆𒉄𒁍
ilduma₂,𒅆𒉄𒁍
ildumma₂,𒅆𒉄𒁍
ar,𒅈
ara₈,𒅈
pa₃,𒅆𒊒
pad₃,𒅆𒊒
ligim,𒅆𒌉𒌉
ligima,𒅆𒌉𒌉
ligin,𒅆𒌉𒌉
hul,𒅆𒌨
hula,𒅆𒌨
hulu,𒅆𒌨
hulpad,𒅆𒌨𒊒𒃻
hul₄,𒅆𒌪
agrigₓ,𒅆𒍣
dimsar,𒅉
agar₄,𒅊
igi₂,𒅊
igigunuₓ,𒅊
imma₃,𒅊
nab₄,𒅊
nam₄,𒅊
sa₇,𒅊
sag₁₂,𒅊
samag₆,𒅊
se₁₂,𒅊
seg₇,𒅊
si₁₂,𒅊
sig₇,𒅊
šamagₓ,𒅊
ši₇,𒅊
ugur₂,𒅊
ukur₅,𒅊
ziₓ,𒉈
sa₇-alan,𒅊𒀩
salamₓ,𒅊𒀩
ukdin,𒅊𒀩
uktin,𒅊𒀩
uludim₂,𒅊𒀩
uludin₂,𒅊𒀩
ulutim₂,𒅊𒀩
ulutin₂,𒅊𒀩
sermuššu,𒅊𒋺𒀩
sirmuššu,𒅊𒋺𒀩
zermušku,𒅊𒋺𒀩
zermuššu,𒅊𒋺𒀩
zirmuššu,𒅊𒋺𒀩
al₉,𒅋
el₂,𒅋
il,𒅋
el₄,𒅌
il₈,𒅌
dubsik,𒅍
dupsik,𒅍
dusi,𒅍
dussu,𒅍
dusu,𒅍
ga₆,𒅍
gil₃,𒅍
gur₃,𒅍
guru₃,𒅍
ŋa₆,𒅍
il₂,𒅍
ila₂,𒅍
ili₂,𒅍
adad,𒅎
anegi,𒅎
di[...]ig,𒅎
did,𒅎
em,𒅎
enegi,𒅎
enegir,𒅎
ennegi,𒅎
ennigi,𒅎
ilumer,𒅎
im,𒅎
imeₓ,𒅎
imi,𒅎
išgurₓ,𒅎
iškur,𒅎
kakra,𒅎
kakru,𒅎
karkar,𒅎
karkara,𒅎
mer₂,𒅎
mir₂,𒅎
mur₃,𒅎
murim,𒅎
muru₃,𒅎
šar₅,𒅎
šara₅,𒅎
šeg₇,𒅎
šeŋ₇,𒅎
tešub,𒅎
tid,𒅎
tu₁₅,𒅎
tum₉,𒅎
tumu,𒅎
šeg₁₄,𒅎𒀀𒀭
šeŋ₁₄,𒅎𒀀𒀭
šerkan,𒅎𒂀
agar₆,𒅎𒂂
aŋar₆,𒅎𒂂
muru₉,𒅎𒂂
suhul₃,𒅎𒂄𒂇
suhul₂,𒅎𒂇𒂄
uluba,𒅎𒃷𒄴𒈨𒌋
ulubar,𒅎𒃷𒄴𒈨𒌋
ulumaš,𒅎𒃷𒄴𒈨𒌋
uluba₂,𒅎𒄴𒈨𒌋𒃷
ulubar₂,𒅎𒄴𒈨𒌋𒃷
ulumaš₂,𒅎𒄴𒈨𒌋𒃷
tuk₈,𒅎𒆑
dungaₓ,𒅎𒋛𒀀
dungu,𒅎𒋛𒀀
dalhamun,𒅎𒋖
šu₁₇,𒅎𒋙
uh₆,𒅎𒋙
ahud,𒅒
merimer₄,𒅒
merimeri₄,𒅒
mermer₄,𒅒
mermeri₄,𒅒
kid₇,𒅏
tug₇,𒅏
tuk₇,𒅏
agar₅,𒅐
aŋar₅,𒅐
angar,𒅐
dalhamun₆,𒅐
merimer₃,𒅐
merimeri₃,𒅐
mermer₃,𒅐
mermeri₃,𒅐
nimgigre,𒅐
rad₂,𒅐
zigara,𒅐
zigkaru,𒅐
zikara,𒅐
zikaru,𒅐
imin,𒅓
imina,𒅓
umun₇,𒅓
umunaₓ,𒅓
en₆,𒅔
gir₁₂,𒅔
in,𒅔
ini,𒅔
isin₂,𒅔
erešu,𒅕
er,𒅕
ere₁₄,𒅕
ereš₃,𒅕
eri₁₄,𒅕
ir,𒅕
ire₁₄,𒅕
iri₁₄,𒅕
es₅,𒅖
eš₁₅,𒅖
is₂,𒅖
isi,𒅖
isiš,𒅖
iś,𒅖
iš,𒅖
iši,𒅖
iṣ₂,𒅖
iz₂,𒅖
kukkuda₂,𒅖
kukkuš,𒅖
kukuda₂,𒅖
kuš₇,𒅖
mel,𒅖
mil,𒅖
mili,𒅖
milla,𒅖
sahar,𒅖
sahardub,𒅖
sušₓ,𒅖
šen₆,𒅖
šuš₃,𒅖
ukum,𒅖
buₓ,𒉿
da₁₂,𒅗
dag₅,𒅗
du₁₁,𒅗
dug₄,𒅗
duga₄,𒅗
e₇,𒅗
en₄,𒅗
/eneŋ/,𒅗
enem,𒅗
enim,𒅗
ga₁₄,𒅗
gir₁₇,𒅗
giri₁₇,𒅗
gu₃,𒅗
gur₁₈,𒅗
i₅,𒅗
inim,𒅗
iš₅,𒅗
ka,𒅗
kag₂,𒅗
kak₂,𒅗
kir₄,𒅗
kiri₃,𒅗
nagₓ,𒌸
pe₄,𒅗
pi₄,𒅗
pu₅,𒅗
qirₓ,𒅗
qa₃,𒅗
sigₓ,𒍋
su₁₁,𒅗
sumuₓ,𒅗
sumurₓ,𒅗
še₂₈,𒅗
šed₁₇,𒅗
šeg₁₃,𒅗
šiₓ,𒆃
šudₓ,𒅗𒋗
zib₄,𒅗
zu₂,𒅗
zug₂,𒅗
zuh,𒅗
kaₓ,𒅗
zu₉,𒆉
babila,𒅗𒀭
kurku₂,𒅗𒀭𒉌𒋛
babila₂,𒅗𒀭𒊏
bizaza,𒅗𒁆𒂷𒋼𒀀𒁽𒍝𒈾
ištaran,𒅗𒁲
ṭēmu,𒅗𒄭
demma,𒅗𒄭
demmu,𒅗𒄭
dema,𒅗𒄭
demu,𒅗𒄭
dima,𒅗𒄭
dimma,𒅗𒄭
dimmu,𒅗𒄭
dimu,𒅗𒄭
duṭu,𒅗𒅗
gug₆,𒅗𒆕
pihu₃,𒅗𒆕
emma₂,𒅘
emmen₂,𒅘
emmin₂,𒅘
enmen₂,𒅘
gab₃,𒅘
gu₆,𒅘
imma₂,𒅘
immeli,𒅘
immen₂,𒅘
immin₂,𒅘
kab₂,𒅘
na₈,𒅘
nag,𒅘
naga₂,𒅘
naŋ,𒅘
nak,𒅘
naq,𒅘
nik₅,𒅘
akₓ,𒅙
nagiri,𒅚
nigru,𒅚
ibira₂,𒅛
uh₄,𒅜
uš₁₁,𒅜
gudiddi,𒅝
si₁₈,𒅝
še₂₆,𒅝
šed₁₅,𒅝
šeg₁₁,𒅝
šidₓ,𒅝
šigₓ,𒍉
ma₅,𒅡
mu₃,𒅡
sub₄,𒅡
sub,𒅢
kulkul,𒅢𒊕
agal,𒅣
puzru,𒅤𒊭
ba₁₁,𒅤
bu₃,𒅤
bum,𒅤
buzur₅,𒅤
kala,𒆗
kan₆,𒅤
kana₆,𒅤
pu₃,𒅤
pum,𒅤
puzur₅,𒅤
tugure,𒅤
buzur₄,𒅤𒊭
puzur₄,𒅤𒊭
gu₇,𒅥
ku₂,𒅥
kur₈,𒅥
šagar,𒅥
šaŋar,𒅥
meleₓ,𒆈
meliₓ,𒆈
emeₓ-gir₂,𒅨
gasa,𒅪
gaza₃,𒅪
ibira,𒅪
irhandiₓ,𒅪
nehandiₓ,𒅪
tibira₂,𒅪
gukri,𒅩
kugre,𒅬
kugur,𒅬
ba₅,𒅮
bu₁₃,𒅮
buhₓ,𒅮
bul₄,𒅮
bun₂,𒅮
tuₓ,𒊺𒉀
bunₓ,𒍃
kir₁₄,𒅯
dunₓ,𒅾
sulₓ,𒅱
sunₓ,𒅱
gele₃,𒅲
geli₃,𒅲
gili₃,𒅲
gilib₃,𒅲
ŋeli₃,𒅲
ŋili₃,𒅲
ŋiriₓ,𒅲
mel₂,𒅲
mele₂,𒅲
meli₂,𒅲
mili₂,𒅲
mu₇,𒅲
mumunₓ,𒅲
sug₇,𒅲
tu₆,𒅲
ṭu₆,𒅲
uš₇,𒅲
zug₄,𒅲
zuhₓ,𒅲
mu₁₃,𒅲
mummun,𒅲𒅲
mumun,𒅲𒅲
pu-udu,𒅳
em₄,𒅴
eme,𒅴
uli,𒅴
medu,𒅵
meša,𒅵
emengi,𒅶
imminte,𒅷
murga,𒅺
murgu₃,𒅺
urgu₂,𒅺
numdu,𒅻
numdum,𒅻
numdun,𒅻
nundu,𒅻
nundum,𒅻
nundun,𒅻
/šumdum/,𒅻
uš₁₄,𒅼
gilib₄,𒅽
mangaga,𒅾
su₆,𒅾
sul₃,𒅾
sum₄,𒅾
sun₄,𒅾
gukiri,𒅿
ma₈,𒅿
mu₁₁,𒅿
emesig,𒆄
munsubₓ,𒋠𒋦
tukur₂,𒆁
tukureₓ,𒆁
dilib₂,𒆂
giguru₃,𒆂
silig₆,𒆂
še₂₅,𒆂
šed₁₄,𒆂
šeg₁₀,𒆂
šilig₆,𒆂
šiq₄,𒆂
šedₓ,𒈹𒁲
šu₁₂,𒆃
šud₃,𒆃
šude₃,𒆃
šudu₃,𒆃
šušudi,𒆃
zukura,𒆆
musug₅,𒆈
tukur₃,𒆈
usug₅,𒆈
uzug₅,𒆈
emma,𒆉
emmen,𒆉
emmin,𒆉
enmen,𒆉
imma,𒆉
immen,𒆉
immin,𒆉
si₁₉,𒆉
za₆,𒆉
KAxUD-bar,𒆉𒁇
zabar₃,𒆉𒁇
zibar₃,𒆉𒁇
gudedde,𒆊
duriₓ,𒆋
ugal,𒆋
guziₓ,𒆌
aganₓ,𒆍
aka₄,𒆍
akan₂,𒆍
baba₂,𒆍
babu,𒆍
gu₁₆,𒆍
ka₂,𒆍
kan₄,𒆍
kankan,𒆍
papa₂,𒆍
babilim,𒆍𒀭
babilima,𒆍𒀭
babilim₂,𒆍𒀭𒊏
babilima₂,𒆍𒀭𒊏
abul,𒆍𒃲
abula,𒆍𒃲
abulla,𒆍𒃲
gab₂,𒆏
gaba₂,𒆏
gabu₂,𒆏
gap₂,𒆏
gub₃,𒆏
gubu₃,𒆏
kab,𒆏
kap,𒆏
kapa,𒆏
qab₂,𒆏
qap₂,𒆏
gabuₓ,𒆏𒁍
ragab₃,𒆏𒍑
gat₂,𒆐
kad₂,𒆐
kat₂,𒆐
qad₆,𒆐
qat₆,𒆐
šid₂,𒆐
gat₃,𒆑
kad₃,𒆑
kat₃,𒆑
kata₃,𒆑
kud₆,𒆑
qat₇,𒆑
šed₄,𒆑
šeššed₂,𒆑𒆑
gešhur,𒆒
geškad,𒆒
gišhur,𒆒
giškad,𒆒
had₄,𒆒
kad₄,𒆒
kam₃,𒆒
kara₄,𒆒
kat₄,𒆒
kid₅,𒆒
kim₂,𒆒
peš₅,𒆒
piš₅,𒆒
qat₅,𒆒
šed₅,𒆒
unu₉,𒆒
šeššed₃,𒆒𒆒𒆓
bansur₃,𒆓
banšur₃,𒆓
kad₅,𒆓
kat₅,𒆓
kid₆,𒆓
kimₓ,𒆥
peš₆,𒆓
piš₆,𒆓
qat₈,𒆓
esir₃,𒆓𒆓
tal₅,𒆓𒆓
til₆,𒆓𒆓
esirₓ,𒆔
ban₄,𒆕
da₃,𒆕
du₃,𒆕
gag,𒆕
gak,𒆕
henbur,𒆕
ka₁₅,𒆕
kak,𒆕
kal₃,𒆕
kaq,𒆕
ki₇,𒆕
qa₆,𒆕
qaq,𒆕
qi₆,𒆕
re₁₂,𒆕
ri₁₂,𒆕
ru₂,𒆕
tu₂₀,𒆕
zarₓ,𒆕
šitaₓ,𒆕𒄑
kušu₂,𒆵
kuksu₂,𒆕𒋻
dannu,𒆗
eṭlu,𒆗
alad₂,𒆗
baštum,𒆗
dan,𒆗
dana₃,𒆗
dun₆,𒆗
esi,𒆗
esig,𒆗
ešaₓ,𒆗
gal₉,𒆗
kal,𒆗
kalag,𒆗
kalaga,𒆗
kalga,𒆗
la₆,𒆗
lab,𒆗
lala₂,𒆗
lama₃,𒆗
lamar,𒆗
lamassu,𒆗
lamma,𒆗
lammar,𒆗
lap,𒆗
lib₂,𒆗
lip₂,𒆗
mirₓ,𒊩𒃢
nir₆,𒆗
qal₄,𒆗
rab₄,𒆗
reb,𒆗
rep,𒆗
rib,𒆗
rip,𒆗
rub,𒆗
sa₁₄,𒆗
sag₈,𒆗
seg₁₅,𒆗
si₂₁,𒆗
sig₁₅,𒆗
silim₂,𒆗
silima₂,𒆗
sun₇,𒆗
sunaₓ,𒆗
šedu,𒆗
ṣurṣub₂,𒆗
tan,𒆗
tana,𒋿
ṭan,𒆗
urrub₂,𒆗
ursub₂,𒆗
zi₈,𒆗
zurzub₂,𒆗
birdu,𒆗𒂔
šarap,𒆗𒂔
alad,𒆘
liri₇,𒆙
liru₇,𒆙
lirum₇,𒆙
eriš₇,𒆚
kam₂,𒆚
udul₇,𒆚
utul₇,𒆚
gam₃,𒆛
kam₄,𒆛
bu₂,𒆜
buš,𒆜
dana₂,𒆜
danna₂,𒆜
eš₈,𒆜
ir₇,𒆜
iš₂,𒆜
kas,𒆜
kasa,𒆜
kaskal,𒆜
kaš₂,𒆜
kaz₀,𒆜
ras,𒆜
raš,𒆜
rin₆,𒆜
šubtumₓ,𒆜
zikura,𒆜𒐋
dana,𒆜𒁍
danna,𒆜𒁍
gaeš₂,𒆜𒂵
gaiš₂,𒆜𒂵
garaš₄,𒆜𒂵
kiši₁₅,𒆜𒄴
illatu,𒆜𒆳
alba₂,𒆜𒆳
alha,𒆜𒆳
baliha,𒆜𒆳
ellat,𒆜𒆳
ilba₂,𒆜𒆳
ilha,𒆜𒆳
illat,𒆜𒆳
šubtu,𒆜𒆸
šubtu₃,𒆜𒆸
šubtum₃,𒆜𒆸
šubtu₅,𒆜𒇥
šubtum₅,𒆜𒇥
šubtu₆,𒆝
šubtum₆,𒆝
šubtu₇,𒆞
šubtum₇,𒆞
iti₃,𒆜𒌚
gir₁₁,𒆟
giri₁₁,𒆟
girid,𒆟
her,𒆟
hir,𒆟
keš₂,𒆟
kešda,𒆟
keše₂,𒆟
keši₂,𒆟
kiri₇,𒆟
kirid,𒆟
kiris,𒆟
kirit,𒆟
kiš₂,𒆟
kiši₂,𒆟
erṣetu,𒆠
qaqqaru,𒆠
gagar,𒆠
ge₅,𒆠
gi₅,𒆠
gu₁₄,𒆠
ŋišbunₓ,𒆠
ke,𒆠
ki,𒆠
ku₁₁,𒆠
qe₂,𒆠
qi₂,𒆠
sasₓ,𒆠
ubdaₓ,𒆠
peš₁₀,𒆠𒀀
piš₁₀,𒆠𒀀
qutra,𒆠𒀭𒅎
kutra,𒆠𒀭𒅎
munzer,𒆠𒀭𒋀𒆠
munzur,𒆠𒀭𒋀𒆠
musur,𒆠𒀭𒋀𒆠
šakira₂,𒆠𒀭𒌓
absin,𒆠𒀸𒀸
gisbun,𒆠𒀸𒀸
garašaₓ,𒆠𒁁
gešbun₂,𒆠𒁉
ŋešbun₂,𒆠𒁉
ŋišbun₂,𒆠𒁉
gešbun,𒆠𒁉𒃻
gišbun,𒆠𒁉𒃻
ŋešbun,𒆠𒁉𒃻
ŋišbum,𒆠𒁉𒃻
ŋišbun,𒆠𒁉𒃻
gizbun,𒆠𒁉𒃻
šubun,𒆠𒁉𒃻
...ga,𒆠𒁉𒆕
kibini,𒆠𒁉𒉌
šiten,𒆠𒁺𒆕
ešemen,𒆠𒂊𒉈𒁲
ešemin,𒆠𒂊𒉈𒁲
ešemen₂,𒆠𒂊𒉈𒁲𒀭𒈹
ešemin₂,𒆠𒂊𒉈𒁲𒀭𒈹
bur₁₁,𒆠𒂗𒆕
buru₁₁,𒆠𒂗𒆕
mur₆,𒆠𒂗𒆕
muru₆,𒆠𒂗𒆕
murum₆,𒆠𒂗𒆕
sur₆,𒆠𒃲
dudu,𒆠𒅁
eššeb,𒆠𒅁
uštuh,𒆠𒅁
engarₓ,𒆠𒅗𒇽
sur₇,𒆠𒆕
bad₄,𒆠𒆗
dubad,𒆠𒆗
garaš₅,𒆠𒆗
hirim,𒆠𒆗
hirin,𒆠𒆗
kankal,𒆠𒆗
karaš₂,𒆠𒆗
kikla,𒆠𒆗
kislah₃,𒆠𒆗
sas,𒋀
uludim,𒆠𒆗
uludin,𒆠𒆗
ulutim,𒆠𒆗
ulutin,𒆠𒆗
garaš₂,𒆠𒆘
karašₓ,𒈔
garašₓ,𒆠𒆗𒁁𒅂
karaš,𒆠𒆘
kukku₃,𒆠𒆠
utte,𒆠𒆠
utu₄,𒆠𒆠
uṭe,𒆠𒆠
zarahₓ,𒆪𒆠𒊕
uttu₆,𒆠𒇲
uṭu₆,𒆠𒇲
...ba,𒆠𒇴
ganba,𒆠𒇴
malba,𒆠𒇴
šakaka,𒆠𒇴
šakanka,𒆠𒇴
ugnimₓ,𒋢𒆠𒇻𒂠𒆠
šitenₓ,𒆠𒈗
kimin,𒆠𒈫
u₇,𒆠𒈫
kukku₄,𒆠𒈽
abni₂,𒆠𒉈
dinig,𒆠𒉈
gibil₃,𒆠𒉈
gunni,𒆠𒉈
izi₂,𒆠𒉈
kušlug,𒆠𒉈
mel₃,𒆠𒉈
meli,𒆠𒉈
munu₂,𒆠𒉈
ne₅,𒆠𒉈
nemur,𒆠𒉈
nimur,𒆠𒉈
zi₇,𒆠𒉈
gunniₓ,𒆠𒉈
digbir,𒆠𒉈𒀭𒈹
egi₃,𒆠𒊕
igi₃,𒆠𒊕
sulumₓ,𒆠𒊕𒁺
sulummar,𒆠𒊕𒁺
igira₂,𒆠𒊕𒊩
igiru,𒆠𒊕𒊩
igiraₓ,𒆠𒊕𒊩
kišiₓ,𒆠𒊔
ummanu,𒆠𒋢𒇻𒂠𒃻
ugnim,𒆠𒋢𒇻𒂠𒃻
uŋnim,𒆠𒋢𒇻𒂠𒃻
umman,𒆠𒋢𒇻𒂠𒃻
kissa,𒆠𒋀𒆕
kislah,𒆠𒌓
kizlah,𒆠𒌓
kilahha,𒆠𒌓𒀀
dagan,𒆠𒍇
daggan,𒆠𒍇
dakan,𒆠𒍇
dakkan,𒆠𒍇
suku₄,𒆠𒍇
habrud₂,𒆡
habruda₂,𒆡
habrud,𒆢
habruda,𒆢
hanburuda,𒆢
kislah₂,𒆣
bur₆,𒆦
buru₆,𒆤
ge₂,𒆤
gi₂,𒆤
gid,𒆤
git,𒆤
gub₅,𒆤
gup₅,𒆤
ke₄,𒆤
ket,𒆤
ki₄,𒆤
kid,𒆤
kit,𒆤
kiṭ,𒆤
kub₄,𒆤
kup₄,𒆤
lel₂,𒆤
lil₂,𒆤
lila₂,𒆤
muru₁₂,𒆤
qi₅,𒆤
qid,𒆤
qit,𒆤
sah,𒆤
seh₂,𒆤
sih₂,𒆤
suh₄,𒆤
šah₃,𒆤
ših₂,𒆤
ṣah₂,𒆤
tigiₓ,𒆤𒁆
amuru,𒆤𒈤
muruₓ,𒌘
gur₁₀,𒆥
ken,𒆥
ki₉,𒆥
kig₂,𒆥
kiŋ₂,𒆥
kin,𒆥
kinga,𒆥
kun₁₀,𒆥
qe,𒆥
qi,𒆥
qin,𒆥
sag₁₁,𒆥
saga₁₁,𒆥
saka,𒆥
seg₁₈,𒆥
sig₁₈,𒆥
siga₁₈,𒆥
kenke,𒆥𒆥
kingusila,𒑜
kingusili,𒑜
qimku,𒑜
5/6,𒑜
5/6(diš),𒑜
5/6(diš@c),𒑜
dag₄,𒆦
kisal,𒆦
par4,𒆦
lel₄,𒆦
kisim₅,𒆨
kišim₅,𒆨
gingira,𒆩
keš,𒆧
kis,𒆧
kiš,𒆧
kišeₓ,𒆧
kiši,𒆧
kiṣ,𒆧
qis,𒆧
qiš,𒆧
be₅,𒆪
bed₃,𒆪
bet₃,𒆪
bi₇,𒆪
bid₃,𒆪
bit₃,𒆪
bu₇,𒆪
bulₓ,𒆪
dab₅,𒆪
daba₅,𒆪
deb₂,𒆪
dib₂,𒆪
duš,𒆪
gu₅,𒆪
gud₇,𒆪
guz₃,𒆪
huₓ,𒋛
ku,𒆪
kud₃,𒆪
kuz₃,𒆪
nu₁₀,𒆪
qu₂,𒆪
su₅,𒆪
suh₅,𒆪
sur₁₁,𒆪
suš,𒆪
še₁₀,𒆪
šed₆,𒆪
ši₅,𒆪
tibₓ,𒆪
tukul,𒆪
tukula,𒆪
tum₅,𒆪
tuma,𒆪
tuš,𒆪
tušu,𒆪
ṭuš,𒆪
ugu₄,𒆪
zap₂,𒆪
miṭṭu,𒆪𒀭
medda,𒆪𒀭
meddu,𒆪𒀭
meṭa,𒆪𒀭
meṭu,𒆪𒀭
midda,𒆪𒀭
middu,𒆪𒀭
mitta,𒆪𒀭
mittu,𒆪𒀭
mitum,𒆪𒀭
miṭa,𒆪𒀭
miṭu,𒆪𒀭
guza,𒆪𒃻
guzza,𒆪𒃻
medda₂,𒆪𒅂
meddu₂,𒆪𒅂
meṭa₂,𒆪𒅂
meṭu₂,𒆪𒅂
midda₂,𒆪𒅂
middu₂,𒆪𒅂
mitta₂,𒆪𒅂
mittu₂,𒆪𒅂
mitum₂,𒆪𒅂
miṭa₂,𒆪𒅂
miṭu₂,𒆪𒅂
daraₓ,𒆪𒄒
dariₓ,𒆪𒄒
daruₓ,𒆪𒄒
duruₓ,𒆪𒄒
durunₓ,𒋗𒃸
durunaₓ,𒆪𒆪
eh₃,𒆪𒆪
ehₓ,𒆪𒆪𒆪
ehehhe,𒆪𒆪𒆪
bula,𒆪𒉡
merimer₅,𒆫
merimeri₅,𒆫
mermer₅,𒆫
mermeri₅,𒆫
ku₃,𒆬
kug,𒆬
kuk,𒆬
qu₅,𒆬
asaₓ,𒍂
asag,𒆬𒀭
azag,𒆬𒀭
azak,𒆬𒀭
guškin,𒆬𒄀
ku₃-sig₁₇,𒆬𒄀
ku₃-babbar,𒆬𒌓
hu₂,𒌅
ku₄,𒆭
kur₉,𒆭
lilₓ,𒋘
bandiliša,𒆯
bube,𒆯
daban,𒆯
dabašin,𒆯
ešdaₓ,𒆯
ešqa,𒆯
gaml,𒆯
gurusa,𒆯
guruš₂,𒆯
gurušda,𒆯
gurušta,𒆯
gurušti,𒆯
hirin₂,𒆯
kakkala,𒆯
kakkuda,𒆯
kakkula,𒆯
kakkuša,𒆯
ku₇,𒆯
kud₅,𒆯
kukkuda,𒆯
kukula,𒆯
kukkuša,𒆯
kuruš,𒆯
kurušda,𒆯
kuš₆,𒆯
šandilimma,𒆯
šendilima,𒆯
šindilib,𒆯
šindilimma,𒆯
tubašin,𒆯
ku₇-ku₇,𒆯𒆯
kukku,𒆯𒆯
gu₉,𒆰
gul₂,𒆰
ku₉,𒆰
kul,𒆰
kula,𒆰
kulu,𒆰
nu₅,𒆰
nuŋun,𒆰
numu,𒆰
numun,𒆰
numun@d,𒆰
qul,𒆰
šabalbal,𒆰
til₈,𒆰
zar₄,𒆰
zaraₓ,𒆰
zer,𒆰
zir,𒆰
ziri,𒆰
ku₁₄,𒆲
kun,𒆲
kunu,𒆲
megidaₓ,𒊩𒋰𒆲
...nunnam...,𒆲
qun,𒆲
kun₈,𒈧
amma,𒆳
anubu,𒆳
ge₂₁,𒆳
gen₃,𒆳
gin₃,𒆳
gina₃,𒆳
gur₁₆,𒆳
kin₃,𒆳
kur,𒆳
lad,𒆳
lat,𒆳
lata,𒆳
laṭ,𒆳
mad,𒆳
mak₀,𒆳
mat,𒆳
maṭ,𒆳
nad,𒆳
nat,𒆳
nata,𒆳
qur₂,𒆳
raman,𒆳
ramanu,𒆳
rammanu,𒆳
rašu,𒆳
razu,𒆳
sad,𒆳
sat,𒆳
sata,𒆳
šad,𒆳
šada,𒆳
šadi,𒆳
šadu,𒆳
šahan,𒆳
šat,𒆳
šata,𒆳
šaṭ,𒆳
zizanu,𒆳
namru,𒌑𒆳𒍝𒈽𒆠
nenin,𒆳𒋛𒀀𒂵
parsa,𒆳𒋾
gudibir₂,𒆴
lamhu,𒆴
kuia₃,𒆵
kuš₉,𒆵
kuša,𒆵
uh₃,𒆵
ušumgalₓ,X.𒃲
hirinₓ,𒆶
la,𒆷
šika,𒆷
šikₓ,𒆷
ella₂,𒆸
ellag,𒆸
ellaŋ,𒆸
gil₂,𒆸
gili₂,𒆸
gir₈,𒆸
girak,𒆸
girenₓ,𒆸
giri₈,𒆸
giriak,𒆸
girim,𒆸
girin,𒆸
gud₈,𒆸
gur₄,𒆸
gurun₃,𒆸
hab,𒆸
haba,𒆸
hap,𒆸
illag,𒆸
kel,𒆸
kele,𒆸
kil,𒆸
kili,𒆸
kilib,𒆸
kir₃,𒆸
kur₄,𒆸
kuru₄,𒆸
lagab,𒆸
lugud₂,𒆸
ni₁₀,𒆸
nigi₂,𒆸
nigin₂,𒆸
niŋi₂,𒆸
niŋin₂,𒆸
nimen₂,𒆸
nin₄,𒆸
qer₃,𒆸
qel,𒆸
qil,𒆸
qir₃,𒆸
qur₉,𒆸
re₃,𒆸
rem,𒆸
reme,𒆸
ri₃,𒆸
rim,𒆸
rin,𒆸
sim₄,𒆸
tuku₆,𒆸
tukulₓ,𒆸
tukur,𒆸
tur₆,𒆸
banₓ,𒆸𒆸
garadin₅,𒆸𒆸
išhara₃,𒆸𒆸
karadin₅,𒆸𒆸
kel₃,𒆸𒆸
kil₃,𒆸𒆸
kilaₓ,𒆸𒆸
kiluₓ,𒆸𒆸
kili₃,𒆸𒆸
kilib₃,𒆸𒆸
kin₄,𒆸𒆸
ni₆,𒆸𒆸
niggiₓ,𒆸𒆸
nigginaku,𒆸𒆸
nigi,𒆸𒆸
nigin,𒆸𒆸
niŋin,𒆸𒆸
nimenₓ,𒇪
nin₃,𒆸𒆸
nini,𒆸𒆸
ninni₂,𒆸𒆸
rin₃,𒆸𒆸
mud₄,𒆸𒌋𒆕
buru₁₇,𒇫
guru₂₂,𒇫
gurun₄,𒇫
a₉,𒆹
aʾa₃,𒆹
abbar,𒆹
abbaraₓ,𒆹
ablal₂,𒆹
aia₄,𒆹
ambar,𒆹
ambara,𒆹
anbar,𒆹
as₄,𒆹
aslum,𒆹
ašte₂,𒆹
aya₄,𒆹
bugin,𒆹
buniŋ,𒆹
bunin,𒆹
elamkuš₄,𒆹
ellamkuš₄,𒆹
engurₓ,𒆹
gunin₂,𒆹
idₓ,𒌓𒋀𒆠
kunin₂,𒆹
nammaₓ,𒆹
nammuₓ,𒆹
puginₓ,𒆹
sug,𒆹
sugiₓ,𒆹
suk,𒆹
suq,𒆹
šuk₃,𒆹
umun₁₁,𒆹
zug,𒆹
zuk,𒆹
zuq,𒆹
bugin₂,𒇅
buniŋ₂,𒇅
bunin₂,𒇅
bugin₃,𒆹
bunin₃,𒆹
bugin₄,𒇦
bunin₄,𒇦
bunig₃,𒇉
buniŋ₃,𒇉
kunin,𒇒
as₄-lum,𒆹𒈝
suluhu₄,𒆹𒈝
sulumhi₄,𒆹𒈝
zuluhu₄,𒆹𒈝
inda₂,𒆹𒋻
edakua₂,𒆺
agar₃,𒆻
ablal,𒆼
kinbur,𒆼
gala₄,𒆽
kala₄,𒆽
ama₆,𒆾
gigir,𒇀
gigira,𒇀
pu₆,𒇀
tul₈,𒇀
kunin₃,𒇁
gala₁₁,𒇂
kala₁₀,𒇂
sidug,𒇂
sidugga,𒇂
bara₅,𒇃
para₅,𒇃
sidug₂,𒇄
siduga₂,𒇄
sidugga₂,𒇄
abbarₓ,𒇅
ambarₓ,𒇅
asₓ,𒇅
ašteₓ,𒇅
delen₃,𒇅
delena₃,𒇅
dilim₅,𒇅
dilin₃,𒇅
dilina₃,𒇅
duruna₄,𒇅
ellamkušₓ,𒇎
guninₓ,𒇅
immindu₂,𒇅
inda₄,𒇅
ninda₄,𒇅
nindu,𒇅
ninindu,𒇅
tinur₃,𒇅
umunₓ,𒇅
zugₓ,𒇅
ʾu₃,𒇆
dabₓ,𒉣
dib₅,𒇆
gana₅,𒇆
ganam₅,𒇆
šara₄,𒇆
šurim₃,𒇆
šuru₃,𒇆
šurum₃,𒇆
šurun₃,𒇆
uʾ₃,𒇆
ua,𒇇
waₓ,𒋠𒀸
uʾa,𒇇𒀀
uʾi,𒇇𒀀
uʾu,𒇇𒀀
usduha,𒇆𒇻𒄭𒀀
uzduha,𒇆𒇻𒄭𒀀
dibₓ,𒋠𒀸
gana₄,𒇇
ganam₄,𒇇
gayayu,𒇇
lahar,𒇇
lahraₓ,𒇇
lahru,𒇇
lahrum,𒇇
šerba,𒇇
šurim,𒇇
šuru,𒇇
šurum,𒇇
šurun,𒇇
u₈,𒇇
us₅,𒇇
uz₅,𒇇
elamkuš₃,𒇈
ellamkuš₃,𒇈
angur,𒇉
engur,𒇉
gilugu,𒇉
gur₂₂,𒇉
eₓ,𒉿
i₈,𒇉
id₃,𒇉
lammu₆,𒇉
namma,𒇉
nammu,𒇉
zigum,𒇉
zikum,𒇉
zikumuₓ,𒇉
umun₆,𒇊
bun,𒇌
delen,𒇌
delena,𒇌
dilim,𒇌
dilim₃,𒇌
dilin,𒇌
dilina,𒇌
duruna₂,𒇌
elamkuš,𒇌
ellamkuš,𒇌
ilamma,𒇌
illamma,𒇌
immindu,𒇌
inda₅,𒇌
ninda₃,𒇌
nindu₂,𒇌
ninindu₂,𒇌
tinur,𒇌
tinuru,𒇌
tunur,𒇌
ellamkuš₅,𒇍
elamkušₓ,𒇎
gala₅,𒇏
kala₅,𒇏
ablalₓ,𒇐
gukin,𒇐
udda,𒇐
dagrim,𒇑
dagrin,𒇑
garim,𒇑
garin,𒇑
ŋarim,𒇑
ŋarin,𒇑
tagrimₓ,𒇑
tagrinₓ,𒇑
tarim,𒇑
esir₂,𒇒
šukumₓ,𒇒
esirha,𒇓
esirhia,𒇓
gigir₃,𒇕
akan₃,𒇖
akkan₃,𒇖
elamkuš₂,𒇖
ellamkuš₂,𒇖
bara₉,𒇗
irib₂,𒇗
para₉,𒇗
bara₆,𒇙
men₄,𒇙
para₆,𒇙
muššagana,𒇚
udub,𒇛
agar₂,𒇋
bara₇,𒇋
immaₓ,𒇋
para₇,𒇋
šara₂,𒇋
bu₁₄,𒇡
bul₅,𒇡
buru₁₆,𒇡
sar₆,𒇡
sur₈,𒇡
šerim₂,𒇡
ṣar,𒇡
ṣara,𒇡
zal₂,𒇡
zar,𒇡
zara,𒇡
zarih,𒇡
zarim,𒇡
zur₄,𒇡
šerimsur,𒇜
šerinsur,𒇜
zar₇,𒇜
me₉,𒇞
muššagana₂,𒇞
sagdudu,𒇞
sagduduₓ,𒇞
šu₅,𒇟
šuš₅,𒇟
šu₆,𒇠
šuš₆,𒇠
sidugaₓ,𒇢
sidugga₃,𒇢
bara₈,𒇣
ninmuš,𒇣
para₈,𒇣
šara₃,𒇣
šuru₂,𒇣
šurun₂,𒇣
šedur,𒇤
bu₄,𒇥
bu₆,𒇥
dul₂,𒇥
gala₃,𒇥
gigir₂,𒇥
gigira₂,𒇥
hab₂,𒇥
hap₂,𒇥
kala₃,𒇥
pu₂,𒇥
tukurₓ,𒇥
tul₂,𒇥
ṭul,𒇥
ub₄,𒇥
ablal₃,𒇦
amah,𒇦
humuh,𒇦
umah,𒇦
umuh,𒇦
umun₅,𒇦
bu₅,𒇧
bul,𒇧
bur₁₀,𒇧
nenna₂,𒇧
nenni₂,𒇧
ninna₂,𒇧
ninni₄,𒇧
ninnim₄,𒇧
ninnuₓ,𒇧
nussu,𒇧
pul,𒇧
tu₁₃,𒇧
tug₄,𒇧
tuk₄,𒇧
tuku₄,𒇧
zansur,𒇧
bu₅-bu₅,𒇧𒇧
bubuₓ,𒇧𒇧
bubbu,𒇧𒇧
nenna,𒇧𒇧
nenni,𒇧𒇧
nin₇,𒇧𒇧
ninna,𒇧𒇧
ninnu₂,𒇧𒇧
tutke,𒇧𒇧
tutki,𒇧𒇧
tutku,𒇧𒇧
ugra,𒇨
ugri,𒇨
ušera,𒇨
ušeri,𒇨
umun₁₂,𒇩
umuna₁₂,𒇩
nigin₁₁,𒇪
niŋin₁₁,𒇪
lagal,𒇬
lagar,𒇬
nagal,𒇬
su₇,𒇭
sug₈,𒇭
sul₄,𒇭
sur₁₂,𒇭
sura₁₂,𒇭
...bun,𒇮
lugud₄,𒇮
suhirim,𒇮
suhirin,𒇮
du₆,𒇯
dul₆,𒇯
til₂,𒇯
tu₂₁,𒇯
tul₅,𒇯
ṭul₃,𒇯
e₁₁,𒇯𒁺
ed₃,𒇯𒁺
gigir₄,𒇯𒁺
e₁₂,𒇯𒁽
ed₄,𒇯𒁽
sumunda,𒇰
šumunₓ,𒇰
šumunda,𒇰
kidₓ,𒔋
silaₓ,𒋃
tugₓ,𒔉
gamurₓ,𒔊
la₂,𒇲
lal,𒇲
luₓ,𒇲
sur₅,𒇲
suru₅,𒇲
šurₓ,𒇲
zur₅,𒇲
zuru₅,𒇲
laʾu₇,𒇲𒆕
lalʾu₇,𒇲𒆕
nanga₂,𒇲𒆸
nigin₇,𒇲𒆸
nimem₃,𒇲𒆸
šur₅,𒇲𒆸
usar₄,𒇲𒆸
usur₄,𒇲𒆸
ušar₄,𒇲𒆸
ušur₄,𒇲𒆸
laʾu₆,𒇲𒉌
lalʾu₆,𒇲𒉌
nanga₄,𒇲𒊬
nigin₉,𒇲𒊬
niŋin₉,𒇲𒊬
nimen₅,𒇲𒊬
usar₂,𒇲𒊬
ušar₂,𒇲𒊬
ušur₂,𒇲𒊬
kurnun,𒇳
la₅,𒇳
laʾu,𒇳
lal-lal,𒇳
lal₂,𒇳
lalʾu,𒇳
lalla,𒇳
lallal,𒇳
papnun,𒇳
laʾu₅,𒇳𒀀
lalʾu₅,𒇳𒀀
uku₅,𒇳𒁺𒁺
ukur₄,𒇳𒁺𒁺
halba₄,𒇳𒄬
halbi₄,𒇳𒄬
halbu₄,𒇳𒄬
halpiₓ,𒇳𒄬
halpiaₓ,𒇳𒄬
nanga,𒇳𒆸
nigin₅,𒇳𒆸
niŋin₅,𒇳𒆸
nimen,𒇳𒆸
šur₆,𒇳𒆸
usar₃,𒇳𒆸
ušar₃,𒇳𒆸
ušur₃,𒇳𒆸
ušurₓ,𒇳𒌆
laʾu₈,𒇳𒌋
lalʾu₈,𒇳𒌋
halpi,𒇳𒍇
halpia,𒇳𒍇
halba₅,𒇳𒍇
halpa,𒇳𒍇
halbi₅,𒇳𒍇
halbu₅,𒇳𒍇
uku₂,𒇳𒁺
ukur₃,𒇳𒁺
laʾu₄,𒇳𒆕
lalʾu₄,𒇳𒆕
laʾu₃,𒇳𒉌
lalʾu₃,𒇳𒉌
nanga₃,𒇳𒊬
nigin₈,𒇳𒊬
niŋin₈,𒇳𒊬
nimen₄,𒇳𒊬
šur₄,𒇳𒊬
usar,𒇳𒊬
usur,𒇳𒊬
ušar,𒇳𒊬
ušur,𒇳𒊬
ešₓ,𒇴
la₁₂,𒇴
lam,𒇴
lama,𒇴
lammaₓ,𒇴
lim₃,𒇴
lugₓ,𒈜
arad₃,𒇵
eš₂₂,𒇵
ešuₓ,𒇵
iš₁₁,𒇵
lam₇,𒇵
arata,𒇶
aratta,𒇶
araṭa,𒇶
šuripak₂,𒇶
šurippak₂,𒇶
šurupak₂,𒇶
šuruppak₂,𒇶
šubaₓ,𒍝𒀭𒈽
en₃,𒇷
gub₂,𒇷
gup₂,𒇷
le,𒇷
li,𒇷
ni₈,𒇷
nu₉,𒇷
en₈,𒊭
li₅,𒊭
il₉,𒇸
lil,𒇸
4(diš)@v,𒐼
4(diš@c)@v,𒐼
lammu,𒐼
limmu,𒐼
limu,𒐼
4(diš)@v~b,𒇹
4(diš@c)@v~b,𒇹
arba,𒇹
arrap,𒇹
erba,𒇹
erbe,𒇹
lam₄,𒇹
lammu₂,𒇹
lim₂,𒇹
limmu₂,𒇹
limu₂,𒇹
4(diš@v),𒐿
4(diš@v@c),𒐿
limmuₓ,𒐿
del₂,𒇺
dili₂,𒇺
dilim₂,𒇺
li₁₂,𒇺
lih₄,𒇺
lis,𒇺
liš,𒇺
liz,𒇺
mal₄,𒇺
eze,𒇻
lu,𒇻
lug,𒇻
si₆,𒇻
udu,𒇻
zarah₂,𒇻𒆠𒆕
šimašgi,𒇻𒋢
šimaški,𒇻𒋢
šimašgi₂,𒇻𒋢𒀀
šimaški₂,𒇻𒋢𒀀
ad₃,𒇼
adda₂,𒇼
addaₓ,𒍞
lu₂,𒇽
lu₂~v,𒇽
na₆,𒇽
ruh₂,𒇽
ša₁₁,𒇽
šagaₓ,𒇽
šaŋaₓ,𒇽
inbir₂,𒇽
gal₁₀,𒇽𒁹
daparaₓ,𒈔
daparu,𒇽𒈨𒂗
saparu,𒇽𒈨𒂗
kapara₃,𒈔
pagra₃,𒈔
dubal₅,𒇾
ad₆,𒇿
adaₓ,𒇿
adda,𒇿
at₆,𒇿
ereₓ,𒈀
ešela,𒈀𒇲
ešelal,𒈀𒇲
...id,𒈀𒇲
er₁₃,𒈁
ere₁₃,𒈁
eri₁₃,𒈁
ir₁₃,𒈁
heš₅,𒈂
šaga,𒈂
šaŋa,𒈂
še₂₉,𒈂
kama₅,𒈃
...AŠ,𒈏
dubal₃,𒈅
dubal₄,𒈅
zanabal₂,𒈇
dubal₆,𒈈
gurud₂,𒈈
zanabal,𒈉
dinig₃,𒈊
ešlug,𒈊
har₃,𒈊
hara₃,𒈊
tešlug,𒈊
/tešlug/,𒈊
dinig₂,𒈋
du₁₄,𒈌
...tallu,𒈍
zanabal₃,𒈎
ašlag₇,𒈐
azalag₇,𒈐
azlag₇,𒈐
dubal₇,𒈐
adamin,𒈓
adamen,𒈓
enbir,𒈓
gigam,𒈓
gingam,𒈓
inbir,𒈓
pagraₓ,𒈓
urbigu₃,𒈓
urbingu₃,𒈓
/ad/,𒈕
ad₇,𒈕
dim₃,𒈕
ri₉,𒈕
rin₅,𒈕
ug₈,𒈕
kama₆,𒈕
kamat,𒈕
lugam,𒈕
lil₈,𒈑
gadₓ,𒈖
gar₅,𒈖
gug₂,𒈖
kuk₂,𒈖
lu₃,𒈖
titab₂,𒁈𒉽𒉽
bara₂-munu₅,𒁈𒉽𒉽
titab,𒁈𒉽𒉽
nūr-ili,𒍂
šarru,𒈗
bišeba,𒈗
bišebi,𒈗
haniš₂,𒈗
kaššeba,𒈗
kaššebi,𒈗
lillan,𒈗
lillia,𒈗
lugal,𒈗
lugala,𒈗
nurra,𒈗
rab₃,𒈗
sag₄,𒈗
saŋ₄,𒈗
šar₃,𒈗
šaraₓ,𒌓𒊬
šarra,𒈗
šarrum,𒈗
šugur,𒈗
dimₓ,𒈚
dim₉,𒈗𒃶
dim₁₁,𒈗𒄰
adamen₂,𒈘
adamin₂,𒈘
dadrum,𒈘
gug₅,𒈙
kukuₓ,𒈘
adamenₓ,𒈙
huluh,𒈛
lah₃,𒈛
laha₃,𒈛
lih₃,𒈛
luh,𒈛
luhu,𒈛
nah,𒈛
rah,𒈛
rih,𒈛
ruh,𒈛
subur₂,𒈛
sugal₇,𒈛
sukal,𒈛
sukkal,𒈛
šukal,𒈛
šukkal,𒈛
bah₃,𒈜
buh,𒈜
dunga₂,𒈜
dugaₓ,𒈜
ilumer₃,𒈜
ka₅,𒈜
kusun,𒈜
kušum₂,𒈜
lab₂,𒈜
leb,𒈜
lep,𒈜
lib,𒈜
libi,𒈜
lip,𒈜
lu₅,𒈜
lub,𒈜
lul,𒈜
lulu,𒈜
lup,𒈜
nar,𒈜
nagar₃,𒈜
nari,𒈜
pah,𒈜
pan₂,𒈜
pih,𒈜
puh,𒈜
sar₇,𒈜
sulug,𒈜
sulun,𒈜
se₃₀,𒈜
šatam,𒈜
šattam,𒈜
šaṭam,𒈜
še₁₁,𒈜
tumga,𒈜
zulug,𒈜
zalag₃,𒈜
ka₁₀,𒈜𒀀
tegi₂,𒈜𒁆
tigi₂,𒈜𒁆
tigu₂,𒈜𒁆
eger₅,𒈝
egir₅,𒈝
eŋir₅,𒈝
gamₓ,𒈝
gu₁₅,𒈝
gud₆,𒈝
gum₂,𒈝
gumu,𒈝
gun₅,𒈝
guz,𒈝
hu₅,𒈝
hum,𒈝
humu,𒈝
hus,𒈝
huz,𒈝
kunₓ,𒈝
kuŋₓ,𒈝
kus₂,𒈝
kuṣ₂,𒈝
lamₓ,𒈝
lu₄,𒈝
lum,𒈝
luma,𒈝
lumu,𒈝
nim₄,𒈝
nu₄,𒈝
num₂,𒈝
qum₃,𒈝
gugumu,𒈝𒈝
luhum,𒈝𒈝
gum₂-gum₂,𒈞
gumgum,𒈞
gum₂-gum₂-kaš₄,𒈞𒁽
lugud₃,𒈟
guhšu₂,𒈞𒋙
gum₂-gum₂-šu₂,𒈞𒋙
gumgumšu,𒈞𒋙
ma,𒈠
peš₃,𒈠
pešše,𒈠
wa₆,𒈠
širₓ,𒈡
durba,𒈢
hašhur,𒈢
ma₂,𒈣
delluₓ,𒈣𒆕
dilurₓ,𒈣𒆕
dirgulₓ,𒈣𒆕
targulₓ,𒈣𒆕
dellu,𒈣𒈮
dergul,𒈣𒈮
dilu,𒈣𒈮
dilur,𒈣𒈮
dimgul,𒈣𒈮
dirgul,𒈣𒈮
durgul,𒈣𒈮
targul,𒈣𒈮
sur₁₀,𒈣𒅊
sura₁₀,𒈣𒅊
surru₂,𒈣𒅊
zur₃,𒈣𒅊
al₆,𒈤
mah,𒈤
maha,𒈤
meh,𒈤
mih,𒈤
šutur,𒈤
gar₇,𒈥
ŋar₇,𒈥
mar,𒈥
mara,𒈥
war₂,𒈥
amurrum,𒈥𒌅
ba₇,𒈦
baš,𒈦
ma₇,𒈦
mas,𒈦
maś,𒈦
maš,𒈦
maša,𒈦
maṣ,𒈦
naš,𒌋𒌋
sa₉,𒈦
til₉,𒈦
waš,𒈦
zipah,𒈦
1/2,𒈦
1/2(diš),𒈦
1/2(diš@c),𒈦
mašda₂,𒈦𒂗𒆕
dal₂,𒈦𒄘𒃼
dalla,𒈦𒄘𒃼
mašda,𒈦𒆕
mašda₃,𒈦𒆕𒂗
mašmin,𒈦𒌋𒌋
sagmin,𒈦𒌋𒌋
saŋmin,𒈦𒌋𒌋
maš₃,𒈦𒉺
gidim₂,𒈦𒌋
giguru₂,𒈦𒌋
saŋgidim,𒈦𒌋𒌋
sagman,𒈦𒌋𒌋
saŋman,𒈦𒌋𒌋
saŋeš?,𒈦𒌋𒌋𒌋
emaš,𒈦.X
eriₓ,𒍍
maš₂,𒈧
mašaku,𒈧
maz₀,𒈧
maz₂,𒈧
ba₁₃,𒈨
deš₄,𒈨
diš₄,𒈨
galₓ,𒍑𒆪
geₓ,𒈨
isib,𒈨
išib,𒈨
ma₆,𒈨
me,𒈨
men₂,𒈨
meš₂,𒈨
mi₃,𒈨
sep,𒈨
sib,𒈨
sip,𒈨
šab₄,𒈨
šeb,𒈨
šep,𒈨
šib,𒈨
šip,𒈨
tuba,𒈨
kurku,𒈨𒀭𒊺𒉀
gašamₓ,𒈨𒉣𒋳
eš₁₇,𒈨𒌍
mes₃,𒈨𒌍
meš,𒈨𒌍
miš₂,𒈨𒌍
wiš,𒈨𒌍
dubₓ,𒉈𒋛𒀀
kišib,𒈩
mes,𒈩
mesa,𒈩
mesi,𒈩
meṣ,𒈩
meš₃,𒈩
mez,𒈩
mis,𒈩
miš,𒈩
miṣ,𒈩
red,𒈩
ret,𒈩
rid,𒈩
rit,𒈩
riṭ,𒈩
rig₁₁,𒈩𒊒
dugud₂,𒈪
ga₁₂,𒈪
ge₆,𒈪
gi₆,𒈪
gig₂,𒈪
giggi,𒈪
gigi₂,𒈪
gikki,𒈪
ŋe₆,𒈪
ŋi₆,𒈪
ŋizza,𒈪
ku₁₀,𒈪
ku₁₀-ku₁₀,𒈪
kukku₅,𒈪
kuku₅,𒈪
me₂,𒈪
mi,𒈪
muš₉,𒈪
muši,𒈪
mušu,𒈪
sil₄,𒈪
ṣil₂,𒈪
wi₄,𒈪
kukku₂,𒈪𒈪
kukkug₂,𒈪𒈪
min,𒈫
mina,𒈫
šin₂,𒈫
šina,𒈫
2(diš),𒈫
2(diš@c),𒈫
gu₁₀,𒈬
ŋu₁₀,𒈬
i₁₄,𒈬
ia₅,𒈬
mehida,𒈬
mehidi,𒈬
mehidu,𒈬
mu,𒈬
muhaldim,𒈬
muhaldima,𒈬
suh₇,𒈬
šad₂,𒈬
šu₁₀,𒈬
šum₃,𒈬
šumu,𒈬
tah₃,𒈬
tuh₃,𒈬
wu₄,𒈬
mudra₆,𒈬𒁍
mudru₆,𒈬𒁍
munzerₓ,𒋝𒈬𒁍
šumati,𒈬𒈨𒌋𒌋𒌋
šuwati,𒈬𒈨𒌋𒌋𒌋
muštu₂,𒈬𒍑𒌆𒉿
muštug₂,𒈬𒍑𒌆𒉿
dah,𒈭
tah,𒈭
taha,𒈭
tuh₂,𒈭
ṭah,𒈭
buk,𒈮
gagim,𒈮
gaggim,𒈮
gakim,𒈮
gugim,𒈮
gukim,𒈮
guggim,𒈮
mug,𒈮
muga,𒈮
muguₓ,𒈮
muk,𒈮
muq,𒈮
puk,𒈮
šuk₂,𒈮
uttu₄,𒈯
wuk,𒈮
uṭu₄,𒈯
zadim,𒈯
munsub,𒈰
munšub,𒈰
musub,𒈰
sub₅,𒈰
sumur₃,𒈰
šub₄,𒈰
eger₆,𒋞
egir₆,𒋞
eŋir₆,𒈱
mur₇,𒈱
mur₈,𒈱
murgu₂,𒈱
mur₂,𒉠
muri,𒉠
muru₂,𒉠
murub₄,𒉠
imdudu,𒈲
irhan,𒈲
mus,𒈲
muš,𒈲
muz,𒈲
nerah,𒈲
nirah,𒈲
sahan,𒈲
šahan₂,𒈲
šer₁₀,𒈲
šerah,𒈲
šir₁₀,𒈲
ṣer,𒈲
ṣir,𒈲
ṣur₂,𒈲
wuš,𒈲
uludi,𒈲
uluki,𒈲
zer₃,𒈲
zir₃,𒈲
kunigara₄,𒈸
mušₓ,𒈸
mušdama₂,𒈸
muškuₓ,𒈸
re₈,𒈸
ri₈,𒈸
rin₄,𒈸
arina,𒈸𒀀𒈾
erina₈,𒈸𒀀𒈾
irina,𒈸𒀀𒈾
ennin,𒈹
ga-ša-an-an-na,𒈹
inana,𒈹
inanna,𒈹
inini,𒈹
innana,𒈹
innin,𒈹
ištar,𒈹
mim₂,𒈹
muš₃,𒈹
mušku,𒈹
nin₂,𒈹
ninni₆,𒈹
sar₅,𒈹
se₂₇,𒈹
sed₆,𒈹
sedi₆,𒈹
suba₄,𒈹
suh₁₀,𒈹
suku₆,𒈹
sukud₃,𒈹
sukuš,𒈹
sus₂,𒈹
susbu₄,𒈹
suz₂,𒈹
še₂₃,𒈹
šed₁₂,𒈹
šuba₄,𒈹
zanaru,𒈹
zannaru,𒍝𒈽
sugal₅,𒈹𒀊
zabala₅,𒈹𒀊
zabalam₅,𒈹𒀊
sugal₃,𒈹𒀕
zabala₃,𒈹𒀕
zabalam₃,𒈹𒀕
susbu₃,𒈹𒁍
suzbu₃,𒈹𒁍
amagiₓ,𒈹𒁲
halbaₓ,𒍝𒈹
halbiₓ,𒈹𒁲
mabiₓ,𒈹𒁲
mammiₓ,𒈹𒁲
se₂₅,𒈹𒁲
sed₄,𒈹𒁲
sedi₄,𒈹𒁲
še₁₇,𒈹𒁲
šed₁₀,𒈹𒁲
se₂₄,𒈹𒁲
sed₃,𒈹𒁲
sedi₃,𒈹𒁲
še₁₂,𒈹𒁲
šed₉,𒈹𒁲
amagi₂,𒈹𒁲
halba₆,𒈹𒁲
halbi₆,𒈹𒁲
halbu₆,𒈹𒁲
mabi₂,𒈹𒁲
mammi₂,𒈹𒁲
se₂₆,𒈹𒁲
sed₅,𒈹𒁲
sedi₅,𒈹𒁲
še₁₈,𒈹𒁲
šed₁₁,𒈹𒁲
amagi,𒈹𒁲
halba,𒈹𒁲
halbi,𒈹𒁲
halbu,𒈹𒁲
mabi,𒈹𒁲
mammi,𒈹𒁲
se₉,𒈹𒁲
sed,𒈹𒁲
sedi,𒈹𒁲
sid,𒈹𒁲
še₄,𒈹𒁲
šed₇,𒈹𒁲
seₓ,𒈹𒁲
amagi₃,𒈹𒁲
halba₂,𒈹𒁲
halbi₂,𒈹𒁲
halbu₂,𒈹𒁲
mabi₃,𒈹𒁲
mammi₃,𒈹𒁲
se₁₀,𒈹𒁲
sed₈,𒈹𒁲
sedi₈,𒈹𒁲
še₅,𒈹𒁲
šed₈,𒈹𒁲
amagi₄,𒈹𒁲
halba₃,𒍝𒈽
halbi₃,𒍝𒈽
halbu₃,𒍝𒈽
inšušinak,𒈹𒂞
susan,𒈹𒂞
šušin,𒈹𒂞
šušina,𒈹𒂞
šušinak,𒈹𒂞
šušum,𒈹𒂞
nam-ri,𒈹𒍝
suba₃,𒈹𒍝
šuba₃,𒈹𒍝
sugal₄,𒈹𒍝𒀕
zabala₄,𒈹𒍝𒀕
zabalam₄,𒈹𒍝𒀕
muš₂,𒈽
se₂₈,𒈽
sed₇,𒈽
sedi₇,𒈽
sih₄,𒈽
su₁₀,𒈽
suh,𒈽
suku₅,𒈽
sukud₂,𒈽
sus,𒈽
susbu₂,𒈽
sušbu,𒈽
suz,𒈽
suzbu₂,𒈽
še₂₄,𒈽
šed₁₃,𒈽
šuh,𒈽
šukₓ,𒈽
šusbu,𒈽
šušinakₓ,𒈽
tišpak,𒈽
susbu,𒈽𒁍
suzbu,𒈽𒁍
šušuₓ,𒍝𒈽𒂞
aniku,𒈾
na,𒈾
ne₆,𒈾
nu₈,𒈾
hurim,𒈾𒊒
hurin,𒈾𒊒
daramₓ,𒈿
na₂,𒈿
nad₃,𒈿
ne₇,𒈿
nu₂,𒈿
nud,𒈿
timuaₓ,𒈿
ni-ir,𒈿.X
ereš₂,𒉀
eriš₂,𒉀
hilib₂,𒉀
naga,𒉀
naŋa,𒉀
nak₂,𒉀
nama,𒉀
nanga₆,𒉀
nidaba₂,𒉀
nisaba₂,𒉀
te₃,𒉀
teme,𒉀
tu₂₂,𒉀
ugaₓ,𒌑𒉀𒂵
uhul,𒉀
teme₂,𒉁
temeₓ,𒉁
tu₂₃,𒉂
dalhamun₇,𒉃
hamun,𒉃
alla,𒉄
bulug₄,𒉄
e₁₀,𒉄
haia,𒉄
haya,𒉄
illa,𒉄
lamga,𒉄
nagar,𒉄
nagara,𒉄
niminₓ,𒉄
ildu₃,𒉄𒁍
ildum₃,𒉄𒁍
ilduma₃,𒉄𒁍
ildumma₃,𒉄𒁍
tugul,𒉄𒍞
tuhul,𒉄𒍞
biₓ,𒉆
bir₅,𒉆
na₇,𒉆
nam,𒉆
pir₆,𒉆
si₁₃,𒉆
sim,𒋆
sin₂,𒉆
śim₂,𒉆
šam₄,𒉆
šen₃,𒉆
šim₂,𒉆
pala₂,𒉆𒂗
pala,𒉆𒈗
pala₃,𒉆𒊩𒌆
rug₂,𒉆𒋢
nam₂,𒉇
bar₇,𒉈
baraₓ,𒌓
be₇,𒉈
bel,𒉈
bi₂,𒉈
bil,𒉈
bila,𒉈
bili,𒉈
bir₉,𒉈
de₃,𒉈
di₇,𒉈
didalₓ,𒉈
du₁₇,𒉈
ge₉,𒉈
gi₉,𒉈
gibil₄,𒉈
gir₁₀,𒉈
gum₃,𒉈
ibbiₓ,𒉈
izi,𒉈
izu,𒉈
ku₁₆,𒉈
kum₂,𒉈
kun₉,𒉈
lam₂,𒉈
lama₂,𒉈
le₉,𒉈
lem₄,𒉈
li₉,𒉈
lim₄,𒉈
me₁₂,𒉈
ne,𒉈
ni₅,𒉈
nunₓ,𒉈
pe₅,𒉈
pel,𒉈
pi₅,𒉈
pil,𒉈
qum₂,𒉈
šarₓ,𒉈
še₆,𒉈
šeg₆,𒉈
šeŋ₆,𒉈
ṣah,𒉈
ṣeh₂,𒉈
te₄,𒉈
ti₉,𒉈
ṭe₃,𒉈
ṭi₅,𒉈
zah,𒉈
enₓ,𒉈𒄀
gibil₆,𒉈𒄀
gir₁₈,𒉈𒄀
gira₃,𒉈𒄀
girra,𒉈𒄀
erim₂,𒉈𒊒
erima₂,𒉈𒊒
erin₇,𒉈𒊒
ne-ru,𒉈𒊒
/nerim/,𒉈𒊒
rim₃,𒉈𒊒
rum₂,𒉈𒊒
ganzer₂,𒉈𒋛𒀀
ganzir₂,𒉈𒋛𒀀
udub₃,𒉈𒋛𒀀
lisi,𒉈𒋜
lisin,𒉈𒋜
enten,𒉉
entena,𒉉
eš₁₃,𒉉
emeš₂,𒉊
eš₁₂,𒉊
bel₂,𒉋
bi₅,𒉋
bil₂,𒉋
ge₁₀,𒉋
gi₁₀,𒉋
gibi,𒉋
gibil,𒉋
gibila,𒉋
gil₄,𒉋
ne₈,𒉋
pel₂,𒉋
pil₂,𒉋
šamnu,𒉌
ʾa₅,𒉌
be₃,𒉌
bu₁₆,𒉌
deₓ,𒌥
dig,𒉌
digi,𒉌
dik,𒉌
diq,𒉌
gamar,𒉌
gub₄,𒉌
gur₁₃,𒉌
haₓ,𒉌
i₃,𒉌
ia₃,𒉌
iliₓ,𒉌
le₂,𒉌
li₂,𒉌
libₓ,𒉌𒇻
lid₂,𒉌
mu₅,𒉌
ne₂,𒉌
ni,𒉌
sal₃,𒉌
sar₃,𒉌
sul₂,𒉌
suš₂,𒉌
šal₃,𒉌
šar₈,𒉌
ṣal,𒉌
tik₂,𒉌
tiq₂,𒉌
ya₃,𒉌
zagga,𒉌
zaŋa,𒉌
zal,𒉌
zala,𒉌
zalli,𒉌
zanga,𒉌
zar₂,𒉌
par₄,𒉌𒄑
para₄,𒉌𒄑
ilī,𒉌𒉌
delmun,𒉌𒌇
dilmun,𒉌𒌇
dilmuna,𒉌𒌇
telmun,𒉌𒌇
tilmun,𒉌𒌇
abnu,𒌓𒉌
aban,𒉌𒌓
atumₓ,𒌓𒉌
bar₄,𒉌𒌓
dag₃,𒉌𒌓
dak₃,𒉌𒌓
daq₃,𒉌𒌓
i₄,𒉌𒌓
ia₄,𒉌𒌓
na₄,𒉌𒌓
tak₃,𒉌𒌓
taq₃,𒉌𒌓
ya₄,𒉌𒌓
za₂,𒉌𒌓
enna,𒉌𒌓𒂗
enaqa,𒉌𒌓𒅎
atum,𒉌𒌓𒆠
ni₂,𒉎
me₁₀,𒉎
nigidaeš,𒑗
nieš,𒑗
3(barig),𒑗
3(barig@c),𒑗
3(bariga),𒑗
3(bariga@c),𒑗
alamaₓ,𒉏
deh₃,𒉏
dehi₃,𒉏
dih₃,𒉏
dihi₃,𒉏
elam,𒉏
elama,𒉏
elamu,𒉏
enim₂,𒉏
nam₃,𒉏
nem,𒉏
ni₇,𒉏
nim,𒉏
nima,𒉏
nu₃,𒉏
num,𒉏
rum₃,𒉏
tehe₃,𒉏
tehi₃,𒉏
tu₈,𒉏
tum₄,𒉏
tumu₄,𒉏
kir₁₇,𒉐
tu₂₅,𒉐
tum₃,𒉐
tumu₃,𒉐
kir₇,𒉑
tum₁₁,𒉑
nigidamin₃,𒑖
2(barig),𒑖
2(barig@c),𒑖
2(bariga),𒑖
2(bariga@c),𒑖
nimin₃,𒑖
gur₉,𒉒
inda,𒉒
nida₂,𒉒
ninda₂,𒉒
ugu₇,𒉒
samₓ,𒊕
san₃,𒉓
šam₃,𒉓
šan,𒉓
indagaraₓ,𒉔
šurum₇,𒉔
indadili,𒉔
šušurum,𒉕
indadilida,𒉕
indagara,𒉖
indagra,𒉖
gurmi,𒔬
nindamekar,𒉗
endamekar,𒉗
ag₂,𒉘
aga₂,𒉘
aŋ₂,𒉘
aka₂,𒉘
am₂,𒉘
eg₃,𒉘
eŋ₃,𒉘
em₃,𒉘
ig₃,𒉘
iŋ₃,𒉘
im₃,𒉘
ram,𒉘
rama,𒉘
ugₓ,𒊍
agₓ,𒉚
sa₁₀,𒉚
sam₂,𒉚
šam₂,𒉚
muru₁₁,𒉞
murum₁₁,𒉞
ubudil,𒉞
ubudili,𒉞
ugudil,𒉞
ugudili,𒉞
ur₇,𒉞
uru₆,𒉞
urum,𒉞
ušbar₆,𒉞
ušbur₆,𒉞
ugu₇-dil,𒉞
suhuš₂,𒉟
nesag,𒉠
nesaŋ,𒉠
nisag,𒉠
nisaŋ,𒉠
sag₅,𒋃
saŋ₅,𒋃
zag₃,𒉠
zaŋ₃,𒉠
la₃,𒉡
nu,𒉡
sir₅,𒉡
šir₅,𒉡
ul₂,𒉡
duri,𒉢
enšab,𒉢
ŋešnuₓ,𒉢
gešnu,𒉢
gišnu,𒉢
nu₁₁,𒉢
numₓ,𒉢
nurₓ,𒉢
pil₆,𒉢
sakarₓ,𒉢
sudₓ,𒋢
bur₄,𒉢𒁓
buru₄,𒉢𒁓
gasₓ,𒉢𒁓
lagas,𒉢𒁓𒆷
lagasa,𒉢𒁓𒆷
lagaš,𒉢𒁓𒆷
lagaša,𒉢𒁓𒆷
ŋešnu,𒉢𒄑
ŋišnu,𒉢𒄑
buru₁₅,𒉢𒅕
gešnu₂,𒉢𒅕
ŋešnu₂,𒉢𒅕
gišnu₂,𒉢𒅕
ŋišnu₂,𒉢𒅕
sirru,𒉢𒅕
numma,𒋕
agargaraₓ,𒉣
dabaₓ,𒉣
erida,𒉣
eridu,𒉣
eridug,𒉣
eriduga,𒉣
gar₆,𒉣
gara₆,𒉣
li₁₁,𒉣
nu₆,𒉣
nuŋₓ,𒉣
nun,𒉣
nuna,𒉣
nunun,𒉣
rabₓ,𒉣
...ri,𒉣
sil₂,𒉣
ṣil,𒉣
za₄,𒉣
zalₓ,𒉣
zel,𒉣
zil,𒉣
immalₓ,𒉣𒇬
malₓ,𒉣𒇬
surum,𒉣𒇬
šurumₓ,𒍀
tur₃,𒉣𒇬
gagaₓ,𒉤
arhus₂,𒉦
arhuš₂,𒉦
immal₂,𒉦
šallam,𒉦
šilaₓ,𒉦
šilam,𒉦
uš₅,𒉦
arhuš₃,𒉦
immal,𒉦
šalam₂,𒉦
šallam₂,𒉦
šilam₂,𒉦
uš₆,𒉦
...rig,𒉨
abgal,𒉣𒈨
abgal₂,𒉣𒈨
abgalₓ,𒉣𒈨
abrig,𒉣𒈨𒁺
abrig₂,𒉣𒈨𒁺
{+ab₂}abrig,𒉣𒈨𒁺
gašam,𒉣𒈨𒋳
gaššu,𒉣𒈨𒋳
kiši₁₂,𒉣𒊺
zi...,𒉩𒊺
nar₃,𒉪
naraₓ,𒉪
nenerₓ,𒉪
ner,𒉪
ninir,𒉪
nir,𒉪
nira,𒉪
nur,𒉪
ri₅,𒉪
šer₇,𒉪
akarₓ,𒉧
adamen₄,𒉫
adamin₄,𒉫
eribura,𒉫
iribura,𒉫
liri₆,𒉫
liru₆,𒉫
lirum₆,𒉫
šed₃,𒉫
šeššed,𒉫
šid₃,𒉫
urgilim,𒉫
akar,𒉬
ega₂,𒉬
agargara,𒉩
nappilu,𒉩
gur₁₉,𒉩𒆠
guru₁₉,𒉩𒆠
gurud,𒉩𒆠
kur₁₁,𒉩𒆠
kuru₁₁,𒉩𒆠
kurud,𒉩𒆠
kuruda,𒉩𒆠
nunpe,𒉩𒆠
zilpe,𒉩𒆠
guruda,𒉩𒆠
nunpeₓ,𒉩𒆠
nunu,𒉭
nunus,𒉭
nunuz,𒉭
nus,𒉭
nuz,𒉭
pel₅,𒉭
sug₉,𒉭
nisagga,𒉭𒀖
saman₅,𒉮
šakan₅,𒉮
usan₃,𒉮
usan₃-sur₅,𒉮
usanduₓ,𒉮
usansuruₓ,𒉮
usun,𒉮
uzunₓ,𒉮
hubur,𒉯
mud₃,𒉯
pihu₂,𒉯
lahtan₅,𒉰
usagₓ,𒌋𒊭
mud₈,𒉳
lahtaₓ,𒉴
lahtan,𒉴
lahtan₄,𒉵
pihu₆,𒉲
lahtan₂,𒉶
harubₓ,𒉷
[...]di,𒉭
[...]gida,𒉭
nigi₃,𒉭𒁶
nisaga,𒉭𒆨
lahtan₃,𒉹
oo,  
addirₓ,𒉺
ari₃,𒉺
aru,𒉺
ba₂,𒉺
dur₆,𒉺
duru₆,𒉺
endur,𒉺
geštara,𒉺
gidar,𒉺
gidirₓ,𒉺
gidri,𒉺
gidru,𒉺
gišturu,𒉺
ŋedar,𒉺
ŋedru,𒉺
ŋešturu,𒉺
ŋidri,𒉺
ŋidru,𒉺
had,𒉺
haniš₃,𒉺
has₂,𒉺
haṣ₂,𒉺
hat,𒉺
hata,𒉺
haṭ,𒉺
haz₂,𒉺
hendur,𒉺
hud,𒉺
kun₂,𒉺
lar,𒉺
lu₉,𒉺
lug₂,𒉺
luŋ₂,𒉺
luŋa₂,𒉺
lun,𒉺
maš₄,𒉺
midra,𒉺
mu₆,𒉺
mua,𒉺
muati,𒉺
muatu,𒉺
mudru,𒉺
muwa,𒉺
muwati,𒉺
muya,𒉺
muyati,𒉺
pa,𒉺
sag₃,𒉺
sak₃,𒉺
seg₃,𒉺
si₂₉,𒉺
sig₃,𒉺
sigga₂,𒉺
siqqa,𒉺
sullat₂,𒉺
šag₃,𒉺
šullat₂,𒉺
ugula,𒉺
ugulu,𒉺
zag₂,𒉺
zak₂,𒉺
zaq₂,𒉺
šabra,𒉺𒀠
šapra,𒉺𒀠
billuda,𒉺𒀭
billudu,𒉺𒀭
biluda,𒉺𒀭
garza,𒉺𒀭
garzu,𒉺𒀭
ŋarza,𒉺𒀭
ŋarzu,𒉺𒀭
kuš₄,𒉺𒀭
udul₁₁,𒉺𒁖
utul₁₁,𒉺𒁖
gabar,𒉺𒁖
kabar,𒉺𒁖
kapar,𒉺𒁖
nagada,𒉺𒁖
rig₁₀,𒉺𒁖
ririg,𒉺𒁖
udul₉,𒉺𒁖
utul₉,𒉺𒁖
maškim₃,𒉺𒁺
maškim₂,𒉺𒁼
barim,𒉺𒁽
maškim,𒉺𒁽
parim,𒉺𒁽
hursag,𒉺𒂅
hursaŋ,𒉺𒂅
šabra₂,𒉺𒂍
šapra₂,𒉺𒂍
luga,𒉺𒂷
luŋa,𒉺𒂷
sag₂,𒉺𒃶
seg₁₁,𒉺𒃶
sig₁₁,𒉺𒃶
sikiₓ,𒉺𒃶
zigₓ,𒉺𒄀
rig₈,𒉺𒄸
rig₇,𒉺𒄸𒁺
hamanzer,𒉺𒅁
sab,𒉺𒅁
sap,𒉺𒅁
sip₄,𒉺𒅁
sipa₂,𒉺𒅁
šab,𒉺𒅁
šaba,𒉺𒅁
šap,𒉺𒅁
šib₃,𒉺𒅁
šip₃,𒉺𒅁
šub₃,𒉺𒅁
šup₃,𒉺𒅁
hutpu,𒉺𒆕
hudbu,𒉺𒆕
reʾu,𒉺𒇻
nuska₂,𒉺𒇻
nusku₂,𒉺𒇻
nuška₂,𒉺𒇻
nušku₂,𒉺𒇻
reʾe,𒉺𒇻
reʾi,𒉺𒇻
sap₃,𒉺𒇻
sib₂,𒉺𒇻
siba,𒉺𒇻
sibad,𒉺𒇻
sip₂,𒉺𒇻
sipa,𒉺𒇻
sipad,𒉺𒇻
šab₅,𒉺𒇻
šap₅,𒉺𒇻
zip₃,𒉺𒇻
garza₂,𒉺𒈗
girza,𒉺𒈗
ŋarza₂,𒉺𒈗
ari₅,𒉺𒈨𒌋𒌋𒌋
udulₓ,𒉺𒉣𒇬
tertu,𒉺𒋢
erida₂,𒉺𒊷
gangud,𒉺𒊷
šanga₇,𒉺𒊷
tidimₓ,𒉺𒊷
isin,𒉺𒊺
išin,𒉺𒊺
en₅,𒉺𒋼
ninₓ,𒊩𒂠
ensag,𒉺𒋼𒋛
ensi₂,𒉺𒋼𒋛
ensik,𒉺𒋼𒋛
enšada,𒉺𒌆
enšadu,𒉺𒌆
nuska,𒉺𒌆
nuška,𒉺𒌆
nusku,𒉺𒌆
rigₓ,𒋃𒊒
suliliₓ,𒉺𒍇
zililiₓ,𒉺𒍇
zilulu,𒉺𒍇
dud,𒉺𒍜
duda,𒉺𒍜
duduₓ,𒉺𒍜
dunda,𒉺𒍜
tud₂,𒉺𒍜
tudu,𒉺𒍜
tunda,𒉺𒍜
bad₂,𒉻
bat₂,𒉻
bu₁₅,𒉻
kur₆,𒉻
kurum₆,𒉻
kurummaₓ,𒉻
pad,𒉻
pada,𒉻
pat,𒉻
pata,𒉻
paṭ,𒉻
šug,𒉻
šuk,𒉻
šuku,𒉻
šukun₃,𒉻
šukur₂,𒉻
šuq,𒉻
šutug,𒉻
šutugₓ,𒉻
nindabaₓ,𒉻𒈹
nidba,𒉻𒀭𒈹
nindaba,𒉻𒀭𒈹
ninni₇,𒉻𒀭𒈹
ninnim₇,𒉻𒀭𒈹
nidba₂,𒉻𒈹
ninniₓ,𒐐
ninnimₓ,𒉻𒈹
ba₁₀,𒉼
ban,𒉼
bana,𒉼
pan,𒉼
pana,𒉼
tir₅,𒉼
aha₃,𒉽
ba₁₄,𒉽
bab,𒉽
bap,𒉽
gur₁₂,𒉽
kur₂,𒉽
kuru₂,𒉽
pa₄,𒉽
pab,𒉽
pap,𒉽
qur₄,𒉽
pa₅,𒉽𒂊
pad₅,𒉽𒂊
puš₂,𒉽𒄬
pa₆,𒉽𒅖
pad₆,𒉽𒅖
zu₈,𒉽𒈿
aman,𒉽𒉽
bu₁₀,𒉽𒉽
bulug₃,𒉽𒉽
buluŋ₃,𒉽𒉽
bur₁₃,𒉽𒉽
dim₄,𒉽𒉽
munu₄,𒉽𒉽
pur₁₃,𒉽𒉽
šušru,𒉽𒉽.X
šuššub,𒉽𒉽.X
isima,𒉽𒅊
isimu,𒉽𒅊
isimud,𒉽𒅊
pap-ugur₂,𒉽𒅊
isimu₄,𒉽𒅊𒉣𒈨
isimud₄,𒉽𒅊𒉣𒈨
munu₅,𒉽𒊺𒉽
ge₁₉,𒉾
gilili,𒉾
gilim₂,𒉾
gilin,𒉾
ka₆,𒉾
kilim,𒉾
kilin,𒉾
kiš₅,𒉾
kiši₅,𒉾
kišib₂,𒉾
kuš₁₀,𒉾
nika,𒉾
peš₂,𒉾
piš₂,𒉾
a₃,𒉿
am₇,𒉿
aw,𒉿
baₓ,𒉿
be₆,𒉿
bi₃,𒉿
ew,𒉿
geltan,𒉿
gešdu,𒉿
geštu,𒉿
geštug,𒉿
geštunuₓ,𒉿
gišdu,𒉿
gištu,𒉿
gištug,𒉿
gištunuₓ,𒉿
ŋestug,𒉿
ŋešdu,𒉿
ŋeštu,𒉿
ŋeštug,𒉿
ŋistug,𒉿
ŋišdu,𒉿
ŋištu,𒉿
ŋištug,𒉿
i₁₆,𒉿
ia₈,𒉿
iu₂,𒉿
iw,𒉿
ma₉,𒉿
me₈,𒉿
meštunuₓ,𒉿
mi₅,𒉿
mištunuₓ,𒉿
muštu,𒉿
muštug,𒉿
neda,𒉿
pa₁₂,𒉿
pe,𒉿
pi,𒉿
ta₇,𒉿
tal₂,𒉿
tala₂,𒉿
til₇,𒉿
u₁₇,𒉿
uštu,𒉿
uštug,𒉿
uw,𒉿
wa,𒉿
we,𒉿
wi,𒉿
wu,𒉿
ya,𒉿
ye,𒉿
yi,𒉿
yu,𒉿
ŋeštuₓ,𒉿𒄑𒌆
wa₄,𒊀
we₂,𒊄
wi₂,𒊅
wu₂,𒊇
wu₃,𒊈
taltal,𒊉
ne₃,𒊊
nemurₓ,𒊊𒌉
nisku,𒊊
niskum,𒊊
pil₇,𒊊
pirig,𒊊
piriga,𒊊
piriŋ,𒊊
piriŋa,𒊊
ug₂,𒊊
uŋ₂,𒊊
nergal,𒊊𒀕𒃲
nerigal,𒊊𒀕𒃲
didanu,𒊊𒊊
didanum,𒊊𒊊
didnu,𒊊𒊊
didnum,𒊊𒊊
tidanu,𒊊𒊊
tidanum,𒊊𒊊
tidnim,𒊊𒊊
tidnu,𒊊𒊊
nimurₓ,𒊊𒌉
nib,𒊋
pirig₃,𒊌
piriŋ₃,𒊌
u₂₁,𒊌
udₓ,𒊌
ug,𒊌
uk,𒊌
uku₄,𒊌
uq,𒊌
as,𒊍
asa,𒊍
aṣ,𒊍
az,𒊍
aza,𒊍
us₄,𒊍
uṣ₄,𒊍
uz₄,𒊍
tidnum,𒊎
ra,𒊏
rah₂,𒊏
kutu₂,𒊏𒊏
rab,𒊐
raba,𒊐
rap,𒊐
gušur₂,𒊐𒃲
ŋušur₂,𒊐𒃲
ur₁₃,𒊐𒃲
dim₈,𒊐𒃶
dim₁₀,𒊐𒄰
ŋušurₓ,𒊐𒌉𒌉
bagₓ,𒊑
bakₓ,𒊑
dal,𒊑
dala,𒊑
de₅,𒊑
degₓ,𒊑
di₅,𒊑
eš₁₁,𒊑
re,𒊑
ri,𒊑
rig₅,𒊑
ša₇,𒊑
tal,𒊑
tala,𒊑
ṭal,𒊑
gešba,𒊒
gešbu,𒊒
gešpa,𒊒
gešpu,𒊒
ŋešba,𒊒
ŋešbu,𒊒
ŋešpa,𒊒
ŋešpu,𒊒
ilar,𒊒
illar,𒊒
illulu,𒊒
illur,𒊒
illuru,𒊒
ru,𒊒
sub₇,𒊒
šib₂,𒊒
šub,𒊒
šuba₅,𒊒
šup,𒊒
rimₓ,𒍮
gid₃,𒊓
sa,𒊓
śa,𒊓
ša₁₀,𒊓
ellandu,𒊓𒄵𒆕
rēšu,𒊕
dul₇,𒊕
dunga,𒊕
res,𒊕
reš,𒊕
ris,𒊕
riš,𒊕
sa₁₂,𒊕
sag,𒊕
saggar,𒊕
saŋŋar,𒊕
saŋ,𒊕
saŋa,𒊕
sak,𒊕
san,𒊕
saq,𒊕
sur₁₄,𒊕
ša₂₄,𒊕
šag,𒊕
šak,𒊕
šaq,𒊕
zug₃,𒊢
tirigi,𒊕𒀭
šasuk,𒊕𒂅
durme,𒊕𒂡
zarah,𒊕𒉺𒆸
eru₂,𒊕𒊩
erum₂,𒊕𒊩
kabₓ,𒊖
muhhu,𒊨
sagdu,𒊗
saŋdu,𒊗
uru₁₀,𒊘
urum₃,𒊘
hulumₓ,𒊙
muh₂,𒊚
xₓ,𒊚𒃮
...gukin,𒊛
hulum₂,𒊜
kan₃,𒊝
kana₃,𒊝
ganaₓ,𒋠𒀸
kan₅,𒊝
kana₅,𒊝
dilib₄,𒊞
dilib₆,𒊟
eru₃,𒊟
erum₃,𒊟
dilib₃,𒊠
birₓ,𒋋
usag,𒊢
usug₃,𒊢
uzug₃,𒌑𒊕
muh₃,𒊣
lib₅,𒊤
gud₂,𒊥
guda₃,𒊥
gudu₂,𒊥
dilib₅,𒊦
sagminₓ,𒊧
saŋminₓ,𒊧
ṣalmu,𒊨
dilₓ,𒊨
dul₃,𒊨
kuš₂,𒊨
kušu₄,𒊨
muh₄,𒊨
sumur,𒊨
sur₂,𒊨
śur₂,𒊨
šur₂,𒊨
ugu₅,𒊨
keš₄,𒊔
keše₄,𒊔
kiši₄,𒊔
f,𒊩
gal₄,𒊩
gambiₓ,𒊩
ŋal₄,𒊩
kal₄,𒊩
lagarₓ,𒊩
mam₂,𒊩
man₂,𒊩
mem,𒊩
mi₂,𒊩
mim,𒊩
min₂,𒊩
mu₁₀,𒊩
mug₂,𒊩
muk₀,𒊩
muk₃,𒊩
munus,𒊩
munuz,𒊩
murub,𒊩
nunusₓ,𒊩
rag,𒊩
rak,𒊩
raq,𒊩
sal,𒊩
sala,𒊩
ša₁₂,𒊩
šal,𒊩
šel₄,𒊩
eme₇,𒊩𒀠
sukkal₃,𒊩𒀠
eme₃,𒊩𒀲
nitadamₓ,𒊩𒀴𒁮
murubₓ,𒌘
aš₂-gar₃,𒊩𒀾𒃼
rak₀,𒊩𒁇
ege₂,𒊩𒂠
eger₃,𒊩𒂠
egi₂,𒊩𒂠
egir₃,𒊩𒂠
kir₁₁,𒊩𒃢
eme₅,𒊩𒄸
emerah,𒊩𒄸
lagar₃,𒊩𒄸
sukkal₂,𒊩𒄸
e₁₃,𒊩𒆪
nen₉,𒊩𒆪
nin₉,𒊩𒆪
amat,𒊩𒆳
amtu,𒊩𒆳
ge₁₂,𒊩𒆳
gem₃,𒊩𒆳
geme₂,𒊩𒆳
gi₁₂,𒊩𒆳
gim₃,𒊩𒆳
gin₅,𒊩𒆳
kušₓ,𒊩𒆵
kušuₓ,𒊩𒆵
kuyaₓ,𒊩𒆵
gal₄-la,𒊩𒆷
gala₂,𒊩𒆷
galla₂,𒊩𒆷
kala₂,𒊩𒆷
emeziₓ,𒊩𒆸
emeš,𒊩𒇬
emezi,𒊩𒇬
eziₓ,𒊩𒇬
garimₓ,𒊩𒇬
murub₂,𒊩𒇬
umahₓ,𒊩𒇬
usuh,𒊩𒇬
mam₃,𒊩𒈠
mim₄,𒊩𒈠
mim-ma,𒊩𒈠
lagar₂,𒊩𒈨
lukur,𒊩𒈨
nin₁₀,𒊩𒋠
kid₈,𒊩𒋺
e₅,𒊩𒌆
ereš,𒊩𒌆
eriš,𒊩𒌆
in₅,𒊩𒌆
min₄,𒊩𒌆
nen,𒊩𒌆
ni₄,𒊩𒌆
nim₂,𒊩𒌆
nin,𒊩𒌆
nina₃,𒊩𒌆
nenkum,𒊩𒌆𒉽𒅊𒉣𒈨𒂬
ninkum,𒊩𒌆𒉽𒅊𒉣𒈨𒂬
dilmunₓ,𒊩𒌇
muru₅,𒊩𒌓𒂔
murum₅,𒊩𒌓𒂔
nig,𒊩𒌨
niŋ,𒊩𒌨
nik,𒊩𒌨
niq,𒊩𒌨
gidlam₄,𒊩𒍑
gitlam₄,𒊩𒍑
ŋidlam₄,𒊩𒍑
nidalam₄,𒊩𒍑
nidlam₄,𒊩𒍑
nintah₃,𒊩𒍑
nita₃,𒊩𒍑
nitah₃,𒊩𒍑
nitadam₄,𒊩𒍑
nitalam₄,𒊩𒍑
nitlam₄,𒊩𒍑
gidlam,𒊩𒍑𒁮
gitlam,𒊩𒍑𒁮
ŋidlam,𒊩𒍑𒁮
ŋitlam,𒊩𒍑𒁮
mada,𒊩𒍑𒁮
mudnaₓ,𒊩𒍑𒁮
murub₅,𒊩𒍑𒁮
nidalam,𒊩𒍑𒁮
nidlam,𒊩𒍑𒁮
nitadam,𒊩𒍑𒁮
nitalam,𒊩𒍑𒁮
nitlam,𒊩𒍑𒁮
gambi,𒊩𒍑𒁲
gammu,𒊩𒍑𒁲
gamu,𒊩𒍑𒁲
munussa,𒊩𒍑𒁲
mussa,𒊩𒍑𒁲
saŋa₂,𒊫
sanga₂,𒊫
saŋa₇,𒊫
saŋŋa₇,𒊫
sanga₇,𒊫
saŋa₆,𒊫
sagga₆,𒊫
saŋŋa₆,𒊫
sanga₆,𒊫
sangu₆,𒊫
saŋaₓ,𒊫
sangaₓ,𒊫
saŋa₅,𒊫
saŋŋa₅,𒊫
sagga₅,𒊫
sanga₅,𒊫
sangu₅,𒊫
saŋa₄,𒊫
saŋŋa₄,𒊫
sagga₄,𒊫
sanga₄,𒊫
sangu₄,𒊫
sagga₂,𒊫
saŋŋa₂,𒊫
sangu₂,𒊫
saŋa₃,𒊫
saŋŋa₃,𒊫
sagga₃,𒊫
sanga₃,𒊫
sangu₃,𒊫
e₁₄,𒊬
kiri₆,𒊬
ma₄,𒊬
mu₂,𒊬
mud₆,𒊬
nisaₓ,𒊬
nisi,𒊬
nisig,𒊬
nissa,𒊬
niša,𒊬
sahar₂,𒊬
sakar,𒊬
sar,𒊬
sara,𒊬
sariₓ,𒊬
se₁₅,𒊬
si₁₅,𒊬
sig₁₉,𒊬
śar,𒊬
ša₈,𒊬
šakar,𒊬
šar,𒊬
šara₇,𒊬
šer₉,𒊬
šir₉,𒊬
sarsa,𒊬𒊬
se,𒋛
seg₉,𒋛
si,𒋛
sig₉,𒋛
śe,𒋛
śi,𒋛
še₂,𒋛
ši₂,𒋛
ṣi₃,𒋛
dir,𒋛𒀀
diri,𒋛𒀀
dirig,𒋛𒀀
du₂₆,𒋛𒀀
mal₂,𒋛𒀀
nindar,𒋛𒀀
sa₅,𒋛𒀀
ter₄,𒋛𒀀
ṭer,𒋛𒀀
tir₄,𒋛𒀀
ṭir,𒋛𒀀
uš₁₅,𒋛𒀀
ušub,𒋛𒀀
sabu,𒋛𒀀𒁔
sa₁₁,𒋜
si₄,𒋜
su₄,𒋜
śi₂,𒋜
śu₂,𒋜
usan₄,𒋜
su₉,𒋜𒀀
bek,𒋝
big,𒋝
bik,𒋝
epig,𒋝
ipig,𒋝
pik,𒋝
piq,𒋝
se₁₁,𒋝
seg,𒋝
sek,𒋝
si₁₁,𒋝
sig,𒋝
siga,𒋝
sik,𒋝
siq,𒋝
śe₂,𒋝
śi₃,𒋝
šag₆,𒋝
šak₆,𒋝
šeŋ,𒋝
šek,𒋝
ši₃,𒋝
šig,𒋝
šik,𒋝
šiq,𒋝
zig₂,𒋝
zik₂,𒋝
ziq₂,𒋝
mudraₓ,𒋝𒈬𒁍
bar₅,𒋞
gar₈,𒋞
gara₈,𒋞
ŋar₈,𒋞
kulla,𒋞
kulluₓ,𒋞
murgu,𒋞
seg₄,𒋞
sig₄,𒋞
še₂₇,𒋞
šeb₄,𒋞
šed₁₆,𒋞
šeg₁₂,𒋞
banda₅,𒋞𒅂
uru₉,𒋞𒅂
lahhušuₓ,𒋞𒋞𒋙
guhšu,𒋟
hiₓ,𒋟
lahhušu,𒋟
šikahara,𒋟
seg₂,𒋠
sig₂,𒋠
sik₂,𒋠
siki,𒋠
šek₂,𒋠
šeq₂,𒋠
šik₂,𒋠
šiq₂,𒋠
ganamₓ,𒋠𒀸
gayayuₓ,𒋠𒀸
laharₓ,𒋠𒀸
lahruₓ,𒋠𒀸
mudrum₄,𒋠𒀸
šurimₓ,𒋠𒀸
šurunₓ,𒋠𒀸
usₓ,𒋠𒀸
mudra₅,𒋠𒁍
mudru₅,𒋠𒁍
suluhu₂,𒋠𒁍
sulumhi₂,𒋠𒁍
zuluhu₂,𒋠𒁍
zulumhi₂,𒋠𒁍
adkin,𒋠𒇴
aš₆,𒋠𒇴
sikin,𒋠𒇴
šikin₃,𒋠𒇴
udkinₓ,𒋠𒇴
aš₅,𒋠𒇴𒋦
munsub₂,𒋠𒇴𒋦
munšub₂,𒋠𒇴𒋦
musub₂,𒋠𒇴𒋦
muzer,𒋠𒇴𒋦
muzir,𒋠𒇴𒋦
sagmunzer,𒋠𒈬𒁍
sagmunzir,𒋠𒈬𒁍
suluhu,𒋠𒋤
sulumhi,𒋠𒋤
zuluhu,𒋠𒋤
zulumhi,𒋠𒋤
hamanzerₓ,𒋠𒉺𒅁
hamanzirₓ,𒋠𒉺𒅁
qû,𒋡
ga₅,𒋡
ka₄,𒋡
qa,𒋡
sal₄,𒋡
sala₄,𒋡
sil₃,𒋡
sila₃,𒋡
šal₂,𒋡
sagi,𒋡𒋗𒃮
šagia,𒋡𒋗𒃮
sagiₓ,𒋗
guš,𒋢
kus,𒋢
kuš,𒋢
kuz,𒋢
su,𒋢
sug₆,𒋢
sum₃,𒋢
śu,𒋢
šu₁₁,𒋢
aktum₂,𒋢𒀀
sud₃,𒋢𒆳𒊒
šuripak,𒋢𒆳𒊒
šurippak,𒋢𒆳𒊒
šurupak,𒋢𒆳𒊒
šuruppag,𒋢𒆳𒊒
šuruppak,𒋢𒆳𒊒
šuruppakₓ,𒋢
e₆,𒋣
e₆-a,𒋣𒀀
sar₄,𒋤
ser,𒋤
sir,𒋤
su₃,𒋤
sud,𒋤
sug₄,𒋤
śu₃,𒋤
šir₈,𒋤
šud,𒋤
šut,𒋤
šuṭ,𒋤
šuz,𒋤
zir₀,𒋤
zir₄,𒋤
zu₆,𒋤
adarₓ,𒋥
ildag,𒋥
ra₄,𒋥
rad,𒋥
rat,𒋥
rata,𒋥
raṭ,𒋥
rit₂,𒋥
rud,𒋥
ruṭ,𒋥
sud₂,𒋥
susₓ,𒋥
susu,𒋥
šidaₓ,𒋥
šita₃,𒋥
šitanₓ,𒋥
šušu,𒋥
zusu,𒋥
suh₂,𒋦
suhur,𒋦
sumur₂,𒋦
ubi₂,𒋦
ugab,𒋦
ari₆,𒋧
sar₈,𒋧
se₃,𒋧
seg₁₀,𒋧
si₃,𒋧
sig₁₀,𒋧
sik₁₀,𒋧
sim₂,𒋧
su₁₂,𒋧
sum,𒋧
sumu,𒋧
sun₃,𒋧
śum₂,𒋧
še₁₉,𒋧
šum₂,𒋧
šumu₂,𒋧
šun₄,𒋧
zar₃,𒋧
/zeŋ/,𒋧
sumaš,𒋨
ušbar₄,𒋨
ušbur₄,𒋨
ušbarₓ,𒌑𒌫
gudu₁₁,𒋨𒈨
gudug₂,𒋨𒈨
luhšaₓ,𒋨𒈨
sur,𒋩
sura,𒋩
śur,𒋩
šur,𒋩
ṭir₃,𒋩
sur₉,𒋪
sura₉,𒋪
surru,𒋪
zur₂,𒋪
ara,𒊭
na₅,𒊭
sa₂₀,𒊭
ša,𒊭
zur₈,𒊭
didala,𒊮
lib₃,𒊮
lip₃,𒊮
sa₁₉,𒊮
ša₃,𒊮
šab₂,𒊮
šag₄,𒊮
šalambi,𒊮
kadraₓ,𒊮𒀀
lidₓ,𒊮𒁹
lidda₂,𒊮𒁹
anzalub,𒊮𒄀
buglu,𒊮𒄀
hanzalub,𒊮𒄀
puglu,𒊮𒄀
pugluₓ,𒊮𒄀
šalambiₓ,𒊮𒄑𒊬
išhara₂,𒊮𒆸
tibula₃,𒊮𒈫𒁲
tigidla₃,𒊮𒈫𒁲
tibula₂,𒊮𒈫𒆜
tigidla₂,𒊮𒈫𒆜
tibula,𒊮𒈫𒋻
tigidlaₓ,𒊮𒈫𒋻
lambi,𒊮𒊬
tigidla,𒊮𒋻
ber₇,𒊯
bir₇,𒊯
isli,𒊯
iškila,𒊯
iškili,𒊯
išla,𒊯
išli,𒊯
kiri₄,𒊯
kišli,𒊯
peš₄,𒊯
piš₄,𒊯
sur₄,𒊯
habburudaₓ,𒊵
habrud₃,𒊰
habruda₃,𒊰
nanam₂,𒊰
nanam,𒊲
nenim,𒊲
ninim,𒊲
gudu₅,𒊳
ša₂₆,𒊳
peš₁₃,𒊴
habrud₄,𒊵
habruda₄,𒊵
ber₆,𒊶
bir₆,𒊶
a₁₀,𒊷
gešimmar,𒊷
gešnimbar,𒊷
gišimmar,𒊷
gišnimbar,𒊷
ŋešimmar,𒊷
ŋešnimbar,𒊷
ŋišimmar,𒊷
ŋišnimbar,𒊷
had₃,𒊷
hud₄,𒊷
nimbar,𒊷
pa₉,𒊷
sa₆,𒊷
sag₉,𒊷
seg₆,𒊷
sig₆,𒊷
ša₆,𒊷
šag₅,𒊷
suhušₓ,𒌉
šab₀,𒊸
šap₀,𒊸
šab₆,𒊸
šap₆,𒊸
šanaba,𒑛
šanabi,𒑛
šanapi,𒑛
šudaminₓ,𒑛
2/3,𒑛
2/3(diš),𒑛
2/3(diš@c),𒑞
sar₂,𒊹
sara₂,𒊹
sare₂,𒊹
šar₂,𒊹
šara₆,𒊹
šargal,𒊹
1(šar₂),𒊹
1(šar₂@c),𒊹
1(šargal),𒊹
1(šargal@c),𒊹
šar₂@c,𒊹
šargaldiš,𒐲
šargalmin,𒐳
ašnan₂,𒊺
nigₓ,𒌨
niga,𒊺
nigan,𒊺
nigu,𒊺
sag₁₃,𒊺
še,𒊺
u₂₀,𒊺
munu₆,𒊺𒁑
bazbazₓ,𒊻
us,𒊻
uš₁₀,𒊻
uṣ,𒊻
uz,𒊻
uza,𒊻
uzu₃,𒊻
bibad,𒊺𒄷𒌉
bibe,𒊺𒄷𒌉
isinₓ,𒊺𒅆𒌉
henbur₂,𒊺𒆕
kinₓ,𒊺𒆥
sagaₓ,𒊺𒆥𒆥
šesag,𒊺𒈗
nidaba,𒊺𒉀
nisaba,𒊺𒉀
šušₓ,𒊺𒉇
dir₄,𒌁
ezina₃,𒌁
ezinu₃,𒌁
gamun₂,𒌁
ninni₈,𒌁
panaₓ,𒌁
qišat,𒌁
si₃₀,𒌁
šabu,𒌁
še₁₅,𒌁
ter,𒌁
ṭer₅,𒌁
tir,𒌁
ṭir₅,𒌁
ezinaₓ,𒌂
garadin₆,𒌃
karadin₆,𒌃
nenni₅,𒌃
ninni₅,𒌃
garadin,𒌄
karadin,𒌄
garadin₄,𒌃𒆸𒆸
karadin₄,𒌃𒆸𒆸
ubiₓ,𒊺𒋦
šemuš,𒊺𒋀
ašnan,𒊺𒊺𒉪
ašnana,𒊺𒊺𒉪
ezennaₓ,𒊺𒊺𒉪
ezim₂,𒊺𒊺𒉪
ezin₂,𒊺𒊺𒉪
ezina₂,𒊺𒊺𒉪
ezinu₂,𒊺𒊺𒉪
garadin₂,𒊼
karadin₂,𒊼
garadin₃,𒊽
karadin₃,𒊽
kiši₆,𒊾
sa₂₁,𒊾
sabar₂,𒊾
seg₁₄,𒊾
segga,𒊾
sig₁₄,𒊾
sigga,𒊾
šeg₉,𒊾
šega₉,𒊾
šeŋ₉,𒊾
šenₓ,𒊾
šenbar,𒊾
šegga,𒊾
sabar,𒊾𒁇
dur₁₀,𒊿
rik₄,𒊿
rug,𒊿
ruk,𒊿
ruq,𒊿
ruqu,𒊿
san₂,𒊿
sun₆,𒊿
šen,𒊿
šin,𒊿
šun,𒊿
zin,𒊿
ah₂,𒋀
aha₂,𒋀
ahi,𒋀
mun₄,𒋀
muš₅,𒋀
nan,𒋀
ses,𒋀
sis,𒋀
siš,𒋀
šas,𒋀
šaš,𒋀
šaṣ,𒋀
še₁₆,𒋀
šes,𒋀
šeṣ,𒋀
šeš,𒋀
šiš,𒋀
šiṣ,𒋀
šiz,𒋀
ura₁₆,𒋀𒀊
uram₂,𒋀𒀊
uri₅,𒋀𒀊
urim₅,𒋀𒀊
uru₁₅,𒋀𒀊
urum₆,𒋀𒀊
ura₁₅,𒋀𒀕
uram,𒋀𒀕
uri₂,𒋀𒀕
urim₂,𒋀𒀕
uru₁₄,𒋀𒀕
urum₅,𒋀𒀕
urinₓ,𒋀𒄷𒄷
nan₂,𒋀𒆠
nanna,𒋀𒆠
šeš₂,𒋁
še₈,𒋁
šiš₂,𒋁
šešlam,𒋂
ag₃,𒋃
aŋ₃,𒋃
ak₃,𒋃
aka₃,𒋃
alal₂,𒋃
alamu₂,𒋃
almu₂,𒋃
bisag₂,𒋃
bisaŋ₂,𒋃
bisan₂,𒋃
dilib,𒋃
dim₁₂,𒋃
elal₂,𒋃
gir₁₃,𒋃
gud₉,𒋃
ka₉,𒋃
kas₇,𒋃
kid₄,𒋃
kiri₈,𒋃
kirban,𒋃
la₁₀,𒋃
lag,𒋃
lak,𒋃
laka,𒋃
laq,𒋃
lik₂,𒋃
liq₂,𒋃
mer₄,𒋃
nesag₂,𒋃
nesaŋ₂,𒋃
nisag₂,𒋃
nisaŋ₂,𒋃
pa₈,𒋃
pisag₂,𒋃
pisaŋ₂,𒋃
pisan₂,𒋃
sagga,𒋃
saŋa₈,𒋃
saŋŋa,𒋃
sanga,𒋃
sangu,𒋃
sid₂,𒋃
sila₁₁,𒋃
silag,𒋃
silaŋ,𒋃
sinₓ,𒋃
sit₂,𒋃
šanga,𒋃
še₁₄,𒋃
šed,𒋃
šet,𒋃
šid,𒋃
šit,𒋃
šita₅,𒋃
šiti,𒋃
šitim₂,𒋃
šiṭ,𒋃
šub₆,𒋃
šutum₃,𒋃
šud₄,𒋃
šudum,𒋃
te₆,𒋃
tu₁₄,𒋃
tuba₃,𒋃
ubisag,𒋃
umbisag,𒋃
umbisaŋ,𒋃
uttu₂,𒋃
uṭu₂,𒋃
zadra,𒋃
zadri,𒋃
zadru,𒋃
zandar,𒋃
zandara,𒋃
alaₓ,𒋄
alal,𒋄
alalmu,𒋄
alamu,𒋄
almu,𒋄
bisag₃,𒋄
bisaŋ₃,𒋄
bisan₃,𒋄
bizeg₃,𒋄
bizem₃,𒋄
elal,𒋄
hubhub,𒋄
kirbanu,𒋄
mezeg,𒋄
mezeŋ,𒋄
mezem,𒋄
mizeg,𒋄
mizem,𒋄
pisag₃,𒋄
pisaŋ₃,𒋄
pisan₃,𒋄
ubisag₂,𒋄
umbisag₂,𒋄
umbisaŋ₂,𒋄
hubhub₂,𒋅
asila₂,𒋆
asilal₂,𒋆
asilla₂,𒋆
bappir₂,𒋆
bappira₂,𒋆
lumgi,𒋆
lunga,𒋆
mud₅,𒋆
mulugₓ,𒋆
ningi,𒋆
nugₓ,𒋆
nungi,𒋆
reg,𒋆
rek,𒋆
req,𒋆
rig,𒋆
rik,𒋆
riq,𒋆
sem,𒋆
siraš,𒋆
siris,𒋆
siriš,𒋆
su₂₀,𒋆
šem,𒋆
šembi₂,𒋆
šembizi,𒋆
šembizid,𒋆
šembulugₓ,𒋎
ši₆,𒋆
šim,𒋆
šimbi₂,𒋆
šimbizi,𒋆
ligidba₂,𒋆𒀭𒈦
ligidba,𒋆𒀭𒊩𒌆𒅁
dumgal,𒋇
lumgi₂,𒋇
lunga₂,𒋇
ningi₂,𒋇
nungi₂,𒋇
siraš₂,𒋇
siris₂,𒋇
šembulug₄,𒋈
šimbulug₄,𒋈
šembulug₅,𒋉
šemmug,𒋉
šimbulug₅,𒋉
šimmug,𒋉
nug₂,𒋊
bappir,𒋋
bappira,𒋋
lumgi₃,𒋋
lunga₃,𒋋
ningi₃,𒋋
nungi₃,𒋋
siraš₃,𒋋
siris₃,𒋋
šinₓ,𒋋
šembulug₃,𒋌
šimbulug₃,𒋌
šaqa₂,𒋏
šaqu₂,𒋏
šuquₓ,𒋏
nug,𒋐
šimbulug₂,𒋐
šemešal,𒋑
šemmišla,𒋑
šemšala,𒋑
šimešal,𒋑
šimeššal,𒋑
šimmešla,𒋑
šembi,𒋍
šimbi,𒋍
šinig,𒋒
as₅,𒋓
aš₇,𒋓
gasaₓ,𒋓
sil₈,𒋓
sir₄,𒋓
siru,𒋓
sirum,𒋓
šer,𒋓
šir,𒋓
šur₃,𒋓
aš₇-gi₄,𒋓𒄄
lidda,𒋖
šita,𒋖
ešda₂,𒋖𒄑𒌆
eštaₓ,𒋖𒄑𒌆
i₉,𒋖𒄑𒌆
ešda,𒂷𒄑
gišha,𒂷𒄑
ha₈,𒂷𒄑
liddaₓ,𒂷𒄑
rig₃,𒂷𒄑
šita₂,𒂷𒄑
udub₂,𒂷𒄑
udug₂,𒂷𒄑
utug₂,𒂷𒄑
kat₇,𒋗
qad,𒋗
qat,𒋗
qata,𒋗
šu,𒋗
1(šu),𒋗
1(šu@c),𒋗
giri₂₀,𒋗𒀭
udu₂,𒋗𒁁
uš₁₆,𒋗𒁁
zapah,𒋗𒁁
zipah₂,𒋗𒁁
zipahₓ,𒋙𒁁
dubul,𒋗𒁍
dulu,𒋗𒁍
ul₇,𒋗𒁍
sahab₂,𒋗𒁲𒌋𒌋𒌋
suhub₄,𒋗𒁲𒌋𒌋𒌋
šahab₂,𒋗𒁲𒌋𒌋𒌋
šuhub₄,𒋗𒁲𒌋𒌋𒌋
girah,𒋗𒁶
sahab,𒋗𒁹
suhub₃,𒋗𒁹
šahab,𒋗𒁹
suhub₅,𒋗𒂵
peš₈,𒋗𒃶
šukra,𒋗𒃸
šunigin,𒋗𒃸
tukum,𒋗𒃻𒌉𒇲
tukun,𒋗𒃻𒌉𒇲
tukumₓ,𒋗𒃻𒌉𒇲
tukumbi,𒋗𒃻𒌉𒇲𒁉
tukunbi,𒋗𒃻𒌉𒇲𒁉
tukumbiₓ,𒋗𒃻𒌉𒇲𒁉
šu-gi,𒋗𒄀
šugi,𒋗𒄃
šukudₓ,𒋗𒄩
peš₁₄,𒋗𒆒
liri,𒋗𒆗
liru,𒋗𒆗
lirum,𒋗𒆗
šugbar,𒋗𒆗
šugmaš,𒋗𒆗
šukbar,𒋗𒆗
tinurₓ,𒋗𒆸
delen₂,𒋗𒆸𒈾
delena₂,𒋗𒆸𒈾
dilim₄,𒋗𒆸𒈾
dilin₂,𒋗𒆸𒈾
dilina₂,𒋗𒆸𒈾
durun₃,𒋗𒆸𒈾
duruna₃,𒋗𒆸𒈾
tinur₂,𒋗𒆸𒈾
giri₁₉,𒋗𒇽
giri₂₁,𒋗𒈗
suslug,𒋗𒈜
šurmen,𒋗𒈨𒂞
šurmin,𒋗𒈨𒂞
qa₄,𒋗𒈫
qad₂,𒋗𒈫
qat₂,𒋗𒈫
qati,𒋗𒈫𒈨𒌋𒌋𒌋
tu₅,𒋗𒉀
gešbu₂,𒋗𒉽𒉽
ŋešbu₂,𒋗𒉽𒉽
gešpu₂,𒋗𒉽𒉽
ŋešpu₂,𒋗𒉽𒉽
ŋešbaₓ,𒋗𒉽𒉽
sahabₓ,𒋗𒋛𒁲
šu-u,𒋗𒌋
ešša₂,𒋙
gala₆,𒋙
šu₂,𒋙
šubartin,𒋙
šuš₂,𒋙
en₂,𒋙𒀭
gibil₇,𒋙𒀭
gibir₂,𒋙𒀭
iši₂,𒋙𒀯
kibir₃,𒋙𒀭
sulgar,𒋙𒀯
suhul,𒋙𒀯
še₉,𒋙𒀭
šuhub,𒋙𒀯
suhub,𒋙𒀯
kungaₓ,𒋙𒀯
keš₃,𒋙𒀭𒄲
keši₃,𒋙𒀭𒄲
kiši₃,𒋙𒀭𒄲
gibil₂,𒋙𒀾
gibir,𒋙𒀾
kibir₂,𒋙𒀾
šudul,𒋙
šudulu,𒋙
šudun,𒋙
šutul,𒋙
kiši₁₄,𒋙𒉀
sa₁₇,𒋙𒉀
sigaₓ,𒋙𒉀
šeg₈,𒋙𒉀
lal₆,𒋙𒉈
lil₅,𒋙𒉈
ne₄,𒋙𒉈
lal₅,𒋙𒌋𒌋𒌋
lil₃,𒋙𒌋𒌋𒌋
šudul₃,𒋙𒌪
šudun₃,𒋙𒌪
šutul₃,𒋙𒌪
sah₂,𒋚
sih,𒋚
subar,𒋚
subir,𒋚
subur,𒋚
šah,𒋚
šaha,𒋚
šeh,𒋚
ših,𒋚
šubar,𒋚
šubur,𒋚
šubura,𒋚
šuh₂,𒋚
ṣeh,𒋚
zeh₂,𒋚
zih₂,𒋚
šudaₓ,𒑚
šušana,𒑚
šuššanₓ,𒑚
1/3,𒑚
1/3(diš),𒑚
1/3(diš@c),𒑝
da₂,𒋫
ta,𒋫
ṭa₂,𒋫
alammuš,𒋭
alamuš,𒋭
lal₃,𒋭
ru₈,𒋭
gansisₓ,𒋮
gansis,𒋯
ganzerₓ,𒋯
kabta,𒋯
dab₂,𒋰
dap₂,𒋰
dapa₂,𒋰
min₆,𒋰
tab,𒋰
taba,𒋰
tap,𒋰
tapa,𒋰
ṭab,𒋰
ṭap,𒋰
eš₂₁,𒐻
megida₂,𒋰𒆲
megidda₂,𒋰𒆲
ia₇,𒋰𒋰𒀸
aš₄,𒋰𒋰𒋰
imin₂,𒋰𒋰𒋰𒀸
imina₂,𒋰𒋰𒋰𒀸
umun₈,𒋰𒋰𒋰𒀸
ussa₂,𒋰𒋰𒋰𒋰
ussu₂,𒋰𒋰𒋰𒋰
ilimmu₂,𒋰𒋰𒋰𒋰𒀸
megida,𒋰𒋾
megidda,𒋰𒋾
ubinigga,𒋱
ubišaga,𒋱
da₆,𒋳
daq₆,𒋳
guruš₄,𒋳
sub₆,𒋳
subu,𒋳
suhₓ,𒋳
sum₆,𒋳
śum,𒋳
šan₂,𒋳
šerid,𒋳
šerim,𒋳
šu₁₄,𒋳
šum,𒋳
šumu₃,𒋳
šuš₄,𒋳
ta₃,𒋳
tag,𒋳
taga,𒋳
tak,𒋳
taka,𒋳
taq,𒋳
tibir,𒋳
tuku₅,𒋳
uttuₓ,𒋳
zil₂,𒋳
šumgamme,𒋳𒃵𒈨
ziz₅,𒋳𒋳
šeraₓ,𒋳𒌆
šerimₓ,𒋳𒌆
silig₄,𒋵
tibir₅,𒋵
tibirₓ,𒋶
tibir₂,𒋷
silig₃,𒋸
tibir₄,𒋸
uṭu,𒋸
utuₓ,𒌋
uttu,𒋸
silig₂,𒋹
tibir₃,𒋹
azad₂,𒋺
da₁₃,𒋺
dad,𒋺
dat,𒋺
erbura,𒋺
gid₆,𒋺
gudibir,𒋺
irbura,𒋺
kamₓ,𒋺
kid₂,𒋺
kit₂,𒋺
šuru₆,𒋺
šurum₆,𒋺
ta₆,𒋺
tad,𒋺
tag₄,𒋺
tak₄,𒋺
taka₄,𒋺
tat,𒋺
ṭat,𒋺
zermuškuₓ,𒋺𒀩
dadda,𒋺𒋺
tatge,𒋺𒋺
dar₆,𒋻
gud₄,𒋻
has,𒋻
haš,𒋻
haṣ,𒋻
haz,𒋻
hiz,𒋻
hus₂,𒋻
ku₅,𒋻
kud,𒋻
kudma,𒋻
kuksu,𒋻
kur₅,𒋻
kuru₅,𒋻
kurum₅,𒋻
kut,𒋻
kutu,𒋻
qadmaₓ,𒋻
qadmu,𒋻
qud,𒋻
qudma,𒋻
qudmu,𒋻
qumₓ,𒋻
qut,𒋻
qutu,𒋻
sel,𒋻
sil,𒋻
sila,𒋻
sulu,𒋻
šar₇,𒋻
šel,𒋻
šil,𒋻
taₓ,𒋻
tar,𒋻
tara,𒋻
ter₂,𒋻
tir₂,𒋻
ṭar,𒋻
ṭir₂,𒋻
ursagsim,𒋻
ursaŋsim,𒋻
zil₀,𒋻
zil₃,𒋻
de₄,𒋼
di₁₂,𒋼
gal₅,𒋼
gallaₓ,𒋼
gul₃,𒋼
mul₂,𒋼
te,𒋼
teg₃,𒋼
teŋ₃,𒋼
temₓ,𒋼
temen,𒋼
temennaₓ,𒋼
ten,𒋼
ti₇,𒋼
ṭe₄,𒋼
ṭi₄,𒋼
gar₁₄,𒋼𒀀
ka₁₁,𒋼𒀀
kar,𒋼𒀀
kara,𒋼𒀀
kir₈,𒋼𒀀
qar₂,𒋼𒀀
unu₆,𒋼𒀊
unug₃,𒋼𒀊
unu₂,𒋼𒀕
unug₂,𒋼𒀕
gal₅-la,𒋼𒇲
galla,𒋼𒇲
galu,𒋼𒇲
gulla,𒋼𒇲
mete,𒋼𒈨
gar₁₃,𒋽
gur₈,𒋽
gura₈,𒋽
guru₈,𒋽
qurₓ,𒋽
qur₈,𒋽
ru₁₀,𒋽
teₓ,𒋽
ur₁₂,𒋽
uru₅,𒋽
unu₇,𒋽𒀕
unug₄,𒋽𒀕
de₉,𒋾
di₃,𒋾
te₉,𒋾
teŋ₄,𒋾
ti,𒋾
tibnu,𒋿
tig₄,𒋾
tiŋ₄,𒋾
til₃,𒋾
tila₃,𒋾
ṭe₆,𒋾
ṭi₃,𒋾
sumun,𒌀
šum₄,𒌀
šumun,𒌀
sun,𒌀
suna,𒌀
tel,𒌀
til,𒌀
ug₇,𒌀
uš₂,𒌀
du₂,𒌅
dud₂,𒌅
dur₁₁,𒌅
huduš,𒌅
martu,𒌅
martum,𒌅
tu,𒌅
tud,𒌅
tum₁₂,𒌅
tur₅,𒌅
ṭu₂,𒌅
namšeše,𒌅
ašlag₂,𒌆
azalag₂,𒌆
azlag₂,𒌆
dul₅,𒌆
i₆,𒌆
mu₄,𒌆
mur₁₀,𒌆
taskarin,𒌆
taškarin,𒌆
te₅,𒌆
tiškarin,𒌆
tiškarini,𒌆
tu₉,𒌆
tubaₓ,𒌆
tug₂,𒌆
tuk₂,𒌆
tuku₂,𒌆
umuš,𒌆
uš₄,𒌆
tugir,𒌆𒁽
ašlag,𒌆𒌓
azalag,𒌆𒌓
azlag,𒌆𒌓
du₁₂,𒌇
duk₂,𒌇
raš₂,𒌇
ta₉,𒌇
tu₁₂,𒌇
tug,𒌇
tuk,𒌇
tuku,𒌇
tuq,𒌇
duddu,𒌇𒌇
duttu,𒌇𒌇
dam₃,𒌈
du₄,𒌈
dum,𒌈
eb₂,𒌈
eger₄,𒌈
egir₄,𒌈
ep₂,𒌈
geškadₓ,𒌈
giškadₓ,𒌈
ŋeškadₓ,𒌈
ŋiškadₓ,𒌈
ib₂,𒌈
ip₂,𒌈
ri...,𒌈
suri,𒌈
tam₄,𒌈
tim₂,𒌈
tu₄,𒌈
tum,𒌈
ṭu₄,𒌈
ṭum,𒌈
ban₃,𒌉
banda₃,𒌉
damu,𒌉
di₄,𒌉
du₁₃,𒌉
dumₓ,𒌉
dumu,𒌉
ibila₄,𒌉
maru,𒌉
peš₇,𒌉
šak₇,𒌉
šir₆,𒌉
tu₁₉,𒌉
tul₄,𒌉
tur,𒌉
tura,𒌉
turu,𒌉
ṭur₃,𒌉
zerₓ,𒌉
ibila₂,𒌉𒀴
gena,𒌉𒁹
genan,𒌉𒁹
genna,𒌉𒁹
gina,𒌉𒁹
ginan,𒌉𒁹
ginna,𒌉𒁹
hibis,𒌉𒁹
hibiz,𒌉𒁹
ibilaₓ,𒌉𒁹
dumu-gi₇,𒌉𒂠
kun₅,𒌉𒂠
kuŋ₅,𒌉𒂠
murumₓ,𒌉𒊩𒌉𒌉
ibila₃,𒌉𒊕
deₓ-deₓ,𒌉𒌉
di₄-di₄,𒌉𒌉
du₁₃-du₁₃,𒌉𒌉
tur-tur,𒌉𒌉
ibila,𒌉𒍑
zazana,𒌊
zazna,𒌊
zezna,𒌊
zizₓ,𒌊
zizna,𒌊
a₆,𒌋
bu₁₂,𒌋
bur₃,𒌋
bur₃@c,𒌋
buru₃,𒌋
burudₓ,𒌋
buzur,𒌋
ge₁₄,𒌋
gešburₓ,𒌋
gibiru,𒌋
giburu,𒌋
giguru,𒌋
guru₁₂,𒌋
ha₃,𒌋
hu₃,𒌋
puzur,𒌋
šil₃,𒌋
šu₄,𒌋
šuš,𒌋
u,𒌋
ubuₓ,𒌋
umun,𒌋
un₂,𒌋
ušur₅,𒌋
utahₓ,𒌋
1(u),𒌋
1(u@c),𒌋
1(bur₃),𒌋
1(bur₃@c),𒌋
u@c,𒌋
gir₄,𒌋𒀜
isi₃,𒌋𒀜
isim₃,𒌋𒀜
isimu₃,𒌋𒀜
kir₁₃,𒌋𒀜
ašdar,𒌋𒁯
u-gun₃,𒌋𒁯
ugun,𒌋𒁯
ugunu,𒌋𒁯
gakkul₃,𒌋𒁴
kakkul₃,𒌋𒁴
mun₆,𒌋𒁴
gakkul,𒌋𒁵
kakkul,𒌋𒁵
mun₅,𒌋𒁵
bahar₃,𒌋𒂔
ešgarₓ,𒌋𒂙
ešgiri,𒌋𒂙
eškiri,𒌋𒂙
ganu,𒌋𒂙
kir₁₂,𒌋𒂙
kirruₓ,𒌋𒂙
sibir,𒌋𒂙
šibir,𒌋𒂙
ušbar₅,𒌋𒂙
ušbur₅,𒌋𒂙
dimna,𒌋𒂵
sagₓ,𒌙
u₁₄,𒌋𒂵
ud₆,𒌋𒂵
ulₓ,𒌋𒂵
ut₆,𒌋𒂵
utah,𒌋𒂵
utu₂,𒌋𒂵
zagₓ,𒌋𒂵
zahan₂,𒌋𒂵
zahan,𒌋𒂵𒄭
saman₄,𒌋𒃶
šagan,𒌋𒃶
šaŋan,𒌋𒃶
šakan,𒌋𒃶
šakkan,𒌋𒃶
šaman₂,𒌋𒃶
du₇,𒌌
mul₄,𒌌
ru₅,𒌌
ul,𒌌
ula,𒌌
ullu,𒌌
ullu₃,𒌌
ulu,𒌌
ur₆,𒌌
ugur,𒌋𒄥
nergalₓ,𒌋𒄥
uia,𒌋𒐊
uya,𒌋𒐊
udilia,𒌋𒐊
ele,𒌋𒅗
eli,𒌋𒅗
mah₃,𒌋𒅗
muh,𒌋𒅗
ugu,𒌋𒅗
ugun₃,𒌋𒅗
šakₓ,𒌋𒆤
šita₄,𒌋𒆤
šudul₆,𒌋𒆤
šutul₆,𒌋𒆤
gira,𒌋𒈦𒆏
udul₈,𒌋𒈬
udun,𒌋𒈬
umun₁₀,𒌋𒈬
utul₈,𒌋𒈬
utun,𒌋𒈬
kiši₁₀,𒌋𒊊
kuš₅,𒌋𒊊
kušu,𒌋𒊊
kušum₄,𒌋𒊊
sagdul,𒌋𒊕
sagšu,𒌋𒊕
sagtušₓ,𒌋𒊕
saŋšu,𒌋𒊕
bakiru,𒌋𒊬
bakirum,𒌋𒊬
mahar₂,𒌋𒊬
urum₇,𒌋𒊭
dul,𒌋𒌆
šudul₂,𒌋𒌆
šudun₂,𒌋𒌆
šutul₂,𒌋𒌆
tul,𒌋𒌆
amna₂,𒌋𒌋
buzur₂,𒌋𒌋
gešₓ,𒍔
gišₓ,𒌋𒌋
mam,𒌋𒌋
man,𒌋𒌋
mana,𒌋𒌋
men₅,𒌋𒌋
mešₓ,𒍑
mim₃,𒌋𒌋
min₃,𒌋𒌋
mina₃,𒌋𒌋
nes,𒌋𒌋
neš,𒌋𒌋
nis,𒌋𒌋
niš,𒌋𒌋
niz,𒌋𒌋
puzur₂,𒌋𒌋
šamaš₂,𒌋𒌋
šar₄,𒌋𒌋
šarru₂,𒌋𒌋
šušana₂,𒌋𒌋
šušanaku,𒌋𒌋
tab₄,𒌋𒌋
utu₃,𒌋𒌋
wan,𒌋𒌋
2(u),𒌋𒌋
2(u@c),𒌋𒌋
2(bur₃),𒌋𒌋
2(bur₃@c),𒌋𒌋
ba₃,𒌍
batu,𒌍
es₂,𒌍
eš,𒌍
eša₂,𒌍
eše,𒌍
is₅,𒌍
iš₃,𒌍
nan₃,𒌍
sin,𒌍
ṣin,𒌍
šib₀,𒌍
šip₀,𒌍
uš₁₈,𒌍
ušu₃,𒌍
3(u),𒌍
3(u@c),𒌍
3(bur₃),𒌍
3(bur₃@c),𒌍
bangašₓ,𒌋𒌋𒌋𒐋
nigin₄,𒌋𒌓
nim₃,𒌋𒌓
ningin₄,𒌋𒌓
šu₁₆,𒌋𒌓
ušu₂,𒌋𒌓
uzu₅,𒌋𒌓
ni₉,𒌋𒌓𒆤
nig₆,𒌋𒌓𒆤
nigar,𒌋𒌓𒆤
nigin₃,𒌋𒌓𒆤
niŋ₆,𒌋𒌓𒆤
niŋar,𒌋𒌓𒆤
niŋin₃,𒌋𒌓𒆤
nimgin₃,𒌋𒌓𒆤
ningin₃,𒌋𒌓𒆤
šutulₓ,𒌋𒌪
buzur₃,𒌋𒍠
puzur₃,𒌋𒍠
garadin₁₀,𒌎
karadin₁₀,𒌎
garadin₉,𒌏
karadin₉,𒌏
illil₂,𒐐
kingusila₂,𒐐
kingusili₂,𒐐
ninnu,𒐐
ninuₓ,𒐐
bargi,𒌐
mašgi,𒌐
ba₆,𒌑
bu₁₁,𒌑
hazabur,𒌑
kazab,𒌑
kazabu,𒌑
kazabur,𒌑
kazbi,𒌑
kazbu,𒌑
kilibu,𒌑
kešₓ,𒌑
kuš₃,𒌑
kušumₓ,𒌑
kuzbi,𒌑
kuzbu,𒌑
mašammi,𒌑
maššam,𒌑
mat šammi,𒌑
pu₁₁,𒌑
sam,𒌑
šam,𒌑
tešbi,𒌑
u₂,𒌑
wa₃,𒌑
wuₓ,𒌑
azad,𒀀𒇒𒈣𒋙𒀀
azadₓ,𒀀𒇒𒈣𒋙𒀀
ad₅,𒌑𒄉
adda₃,𒌑𒄉
addu₂,𒌑𒄉
aṭu,𒌑𒄉
kiš₁₆,𒌑𒄉
kiša,𒌑𒄉
kišeg,𒌑𒄉
kišek,𒌑𒄉
kiši₁₆,𒌑𒄉
kišig,𒌑𒄉
kišik,𒌑𒄉
dimuš,𒌑𒄑𒈪
dimmuš,𒌑𒄑𒈪
muthum,𒌑𒄑𒊬
musug₂,𒌑𒅗
muzug₂,𒌑𒅗
usug₂,𒌑𒅗
uzug₂,𒌑𒅗
gud₃,𒌑𒆠𒋧𒂵
musug₄,𒌑𒆳𒉌𒌇𒆠
muzug₄,𒌑𒆳𒉌𒌇𒆠
usug₄,𒌑𒆳𒉌𒌇𒆠
uzug₄,𒌑𒆳𒉌𒌇𒆠
šembirida,𒌑𒆳𒊏
šimbirida,𒌑𒆳𒊏
namri,𒌑𒆳𒍝𒈽𒆠
uga,𒌑𒉀𒂵
didaₓ,𒌑𒊓
pihuₓ,𒌑𒊓𒅗𒆕
muzug,𒌑𒊕
šubuₓ,𒍝𒈹
ar₂,𒌒
ara₂,𒌒
ub,𒌒
uba,𒌒
ubda,𒌒
ubu₂,𒌒
up,𒌒
warₓ,𒌒
zamin,𒌒𒊑
a₁₂,𒌓
ah₃,𒌓
wāṣit,𒌓
māṣit,𒌓
ṣītu,𒌓
al₅,𒌓
amna,𒌓
ara₇,𒌓
bab₂,𒌓
babar,𒌓
babbar,𒌓
bar₆,𒌓
ber₂,𒌓
beš₁₂,𒌓
bir₂,𒌓
da₇,𒌓
dag₂,𒌓
dam₂,𒌓
e₈,𒌓
gal₈,𒌓
ha₅,𒌓
had₂,𒌓
hada₂,𒌓
haš₃,𒌓
heš,𒌓
his,𒌓
hiš,𒌓
hud₂,𒌓
kum₄,𒌓
la₇,𒌓
lah,𒌓
lih,𒌓
luhₓ,𒌓
par,𒌓
para,𒌓
per,𒌓
peš₁₂,𒌓
pir,𒌓
pirig₂,𒌓
piriŋ₂,𒌓
ra₃,𒌓
sa₁₆,𒌓
salah,𒌓
siki₂,𒌓
šamaš,𒌓
šarag,𒌓
ta₅,𒌓
tam,𒌓
tama,𒌓
tu₂,𒌓
ṭam₂,𒌓
u₄,𒌓
ud,𒌓
ug₄,𒌓
ul₆,𒌓
um₂,𒌓
un₅,𒌓
ut,𒌓
uta,𒌓
utu,𒌓
uṭ,𒌓
zalaₓ,𒌓
zalag,𒌓
zalaga,𒌓
zalah,𒌓
zalaqaₓ,𒌓
peš₉,𒌓𒀀
ararama₂,𒌓𒀊
ararma₂,𒌓𒀊
larsa₂,𒌓𒀊
larsam₂,𒌓𒀊
arar,𒌓𒀕
ararama,𒌓𒀕
ararma,𒌓𒀕
larsa,𒌓𒀕
larsam,𒌓𒀕
id₄,𒌓𒀭𒋀𒆠
it₄,𒌓𒀭𒋀𒆠
itaₓ,𒌓𒀭𒋀𒆠
iti₆,𒌓𒀭𒋀𒆠
itudₓ,𒌚
šerrida,𒌓𒀭𒌓
ara₄,𒌓𒁺
e₃,𒌓𒁺
ed₂,𒌓𒁺
edaₓ,𒌓𒁺
i₁₀,𒌓𒁺
sagus,𒌓𒁺
saguš,𒌓𒁺
saŋus,𒌓𒁺
saŋuš,𒌓𒁺
a₁₂-ra₂-bu,𒌓𒁺𒁍
gidi₆,𒌓𒃶
kaz₉,𒌓𒄯
sipar,𒌓𒅗𒁇
zabar,𒌓𒅗𒁇
zibar,𒌓𒅗𒁇
buranun,𒌓𒄒𒉣
buranuna,𒌓𒄒𒉣
buranunu,𒌓𒄒𒉣
burunun,𒌓𒄒𒉣
burununa,𒌓𒄒𒉣
sippar,𒌓𒄒𒉣
zimbir,𒌓𒄒𒉣
ah₆,𒌔
akšak,𒌔
garu,𒌔
huya,𒌔
keš₁₈,𒌔
keši₁₈,𒌔
kua₂,𒌔
kuia,𒌔
kušaₓ,𒌔
kušu₃,𒌔
kuwa₂,𒌔
kuya₂,𒌔
uʾ₄,𒌔
uh₂,𒌔
uhu₂,𒌔
sirara₄,𒌓𒈣𒀏
sirara₆,𒌓𒈣𒀏𒆠𒋳
sirara₂,𒌓𒈣𒀏𒋓
sirara₃,𒌓𒈣𒀏𒋳
abbununna,𒌓𒄷𒄭𒉣
abbununnu,𒌓𒄷𒄭𒉣
ibbanunna,𒌓𒄷𒄭𒉣
abbununnaₓ,𒌓𒄷𒄭𒉣
abbununnuₓ,𒌓𒄷𒄭𒉣
ibbanunnaₓ,𒌓𒄷𒄭𒉣
adab,𒌓𒉣
adaba,𒌓𒉣
arab,𒌓𒉣
durungal,𒌓𒉣
isurungal,𒌓𒉣
suruengal,𒌓𒉣
surungal,𒌓𒉣
surugal,𒌓𒉣
usab,𒌓𒉣
algames,𒌓𒊩𒄸
algameš,𒌓𒊩𒄸
algamis,𒌓𒊩𒄸
šaragₓ,𒌓𒊬
u₄-sakar,𒌓𒊬
itiₓ,𒌓𒋀𒆠
babar₂,𒌓𒌓
babbar₂,𒌓𒌓
dadag,𒌓𒌓
hahad,𒌓𒌓
hahhadₓ,𒌓𒌓
huhud,𒌓𒌓
larag₂,𒌓𒌓
tatam,𒌓𒌓
larag,𒌓𒌓𒀝
itima₂,𒌖
utima₂,𒌖
a₁₃,𒌗
arhu,𒌗
du₁₆,𒌗
id₈,𒌗
iti,𒌗
itid,𒌗
itu,𒌗
itud,𒌗
u₂₂,𒌗
iti₇,𒌗𒀭𒋀𒆠
murₓ,𒌙
nesaŋₓ,𒌘
nisaŋₓ,𒌘
saŋₓ,𒌘
zaŋₓ,𒌘
muru₁₃,𒌙
murub₆,𒌙
nesag₃,𒌙
nisag₃,𒌙
ni₁₁,𒌚𒆤
nigin₁₀,𒌚𒆤
akšak₃,𒌚𒆵
iti₂,𒌛
itid₂,𒌛
itu₂,𒌛
itud₂,𒌛
rābiṣu,𒌜
šēdu,𒌜
gidim₄,𒌜
šedu₂,𒌜
uduₓ,𒌜
udug,𒌜
utug,𒌜
lahšu,𒇱
deh₂,𒌝
dehi₂,𒌝
dih₂,𒌝
dihi₂,𒌝
šumugₓ,𒌝
teh₂,𒌝
tehi₂,𒌝
u₁₆,𒌝
um,𒌝
umu,𒌝
samagₓ,𒍐𒌋
sumugₓ,𒍐𒆸
eme₂,𒌝𒈨
emeda,𒌝𒈨
um-me-da,𒌝𒈨
ummeda,𒌝𒈨
samag₅,𒌞
sumug₅,𒌞
emeda₃,𒌟
ummeda₂,𒌟
samag₂,𒌠
sumug₂,𒌠
samag₃,𒌡
sumug₃,𒌡
samag₄,𒌡𒆸
sumug₄,𒌡𒆸
umbin,𒌢
simug,𒌣
umum,𒌣
umun₂,𒌣
abzuₓ,𒌤
da₉,𒌤
de₂,𒌤
di₈,𒌤
dim₆,𒌤
du₁₉,𒌤
mum,𒌤
mun₂,𒌤
ninagal,𒌤
si₇,𒌤
siu,𒌤
ṭe₅,𒌤
kalam,𒌦
kalama,𒌦
kanaŋ,𒌦
kanam,𒌦
u₁₂,𒌦
ug₃,𒌦
uga₃,𒌦
uŋ₃,𒌦
uku₃,𒌦
umₓ,𒌦
un,𒌦
unu₄,𒌦
kalamₓ,𒌧
a₈,𒌨
aia₃,𒌨
kalbu,𒌨
aya₃,𒌨
das,𒌨
daš,𒌨
deš₃,𒌨
leq,𒌨
li₇,𒌨
lig,𒌨
lik,𒌨
liki,𒌨
liq,𒌨
lu₆,𒌨
ru₇,𒌨
šuzi,𒌨
tan₈,𒌨
tas,𒌨
taš,𒌨
taša,𒌨
taṣ,𒌨
taz,𒌨
tes₂,𒌨
teš₂,𒌨
tis₂,𒌨
tiš₂,𒌨
tiṣ₂,𒌨
tiz₂,𒌨
ṭaš,𒌨
ur,𒌨
ura,𒌨
uru₁₃,𒌨
neša,𒌨𒈤
liliru,𒌩
liri₈,𒌩
liru₈,𒌩
lirum₈,𒌩
ur-ur,𒌩
urbigu,𒌩
urbingu,𒌩
dul₉,𒌪
šudul₅,𒌪
šudun₅,𒌪
šutul₅,𒌪
šutun₅,𒌪
tul₇,𒌪
ṭul₄,𒌪
ur₂,𒌫
uru₈,𒌫
urum₉,𒌬
šuhuš₂,𒌮
eren₈,𒌯
erim₇,𒌯
erin₉,𒌯
urum₄,𒌯
ušbar,𒌰
ušbur,𒌰
urum₈,𒌱
ušbar₇,𒌱
ušbur₇,𒌱
muru₄,𒌲
murum₄,𒌲
ur₉,𒌲
uru₇,𒌲
urum₂,𒌲
ušbar₃,𒌲
ušbur₃,𒌲
ar...,𒌳
gur₁₅,𒌴
ur₄,𒌴
ura₄,𒌴
ari,𒌵
kinda₂,𒌵
tila,𒌵
tilla,𒌵
ur₁₀,𒌵
uri,𒌵
uru₁₉,𒌵
uri₃,𒌶
urimₓ,𒌶
urin,𒌶
uru₃,𒌶
urun,𒌶
al₈,𒌷
ala,𒌷
ale,𒌷
ali,𒌷
alu,𒌷
er₄,𒌷
ere,𒌷
eri,𒌷
ir₄,𒌷
iri,𒌷
lu₈,𒌷
re₂,𒌷
ri₂,𒌷
ru₉,𒌷
u₁₉,𒌷
ulu₄,𒌷
uru,𒌷
ala₂,𒌷𒈨𒌋𒌋𒌋
arₓ,𒌸
ararim,𒌸
ru₁₄,𒌸
uru₁₈,𒌸
urua,𒌸
barimₓ,𒌺
kin₅,𒌺
ukken,𒌺
ukkin,𒌺
unken,𒌺
unkin,𒌺
unkinₓ,𒌺
šakir₃,𒌼
šakira₃,𒌼
šikira₃,𒌼
araliₓ,𒌽
ru₁₁,𒌾
uru₁₁,𒌾
urub,𒌾
urutamga,𒌾
erim₃,𒌿
erimmaₓ,𒌿
erin₃,𒌿
irimmaₓ,𒌿
gur₅,𒍀
guru₅,𒍀
guruš₃,𒍀
kur₁₂,𒍀
šakir,𒍀
šakira,𒍀
šakiri,𒍀
irišeb,𒍁
urušeb,𒍁
urušib,𒍁
asal,𒍂
asar,𒍂
asara,𒍂
asari,𒍂
asaru,𒍂
banšurₓ,𒍂
ilumer₂,𒍂
išhuru₂,𒍂
silig,𒍂
šilig,𒍂
silig₇,𒍂
šilig₇,𒍂
gal₃,𒍇
gišgal,𒍇
ŋišgal,𒍇
lu₇,𒍇
qal₃,𒍇
suk₃,𒍇
u₁₈,𒍇
ul₁₂,𒍇
ulu₃,𒍇
uru₁₇,𒍇
zik₃,𒍇
uluₓ,𒍇
šeg₅,𒍋
šig₅,𒍋
šeššeg,𒍋𒍋
ararimₓ,𒍍
erarimₓ,𒍍
erim₆,𒍍
erin₆,𒍍
ru₄,𒍍
uru₂,𒍍
ururim,𒍍
urušibₓ,𒍍
urutamga₂,𒍍
bansur,𒍎
banšur,𒍎
banšura,𒍎
panšur,𒍎
silig₅,𒍎
šilig₅,𒍎
da₅,𒍏
dab₆,𒍏
mebulug,𒍏
menbulug,𒍏
minbulug,𒍏
šen₂,𒍏
urud,𒍏
uruda,𒍏
urudu,𒍏
samanur,𒅖𒍏
samannu,𒅖𒍏
šamanur,𒅖𒍏
šašamanur,𒅖𒍏
šeknu,𒅖𒍏
šem₇,𒅖𒍏
šen₅,𒅖𒍏
ussu,𒐍
8(diš)@v,𒑄
8(aš@v),𒑅
8(aš@v@c),𒑅
geš₃,𒍑
giš₃,𒍑
gurušₓ,𒍑
ŋeš₃,𒍑
ŋiš₃,𒍑
iš₁₀,𒍑
mišₓ,𒍑
ned,𒍑
nid,𒍑
ninta,𒍑
nintah,𒍑
nintahu,𒍑
net,𒍑
neṭ,𒍑
nit,𒍑
nita,𒍑
nitah,𒍑
nitahu,𒍑
nittaₓ,𒍑
niṭ,𒍑
unu₈,𒍑
us₂,𒍑
usa₂,𒍑
usu₂,𒍑
uś,𒍑
uš,𒍑
uṣ₂,𒍑
uz₂,𒍑
uttu₅,𒍑𒁇
uṭu₅,𒍑𒁇
gidlam₂,𒍑𒁮
gitlam₂,𒍑𒁮
ŋidlam₂,𒍑𒁮
ŋitlam₂,𒍑𒁮
madaₓ,𒍑𒁮
nidalam₂,𒍑𒁮
nidlam₂,𒍑𒁮
nitadam₂,𒍑𒁮
nitalam₂,𒍑𒁮
nitlam₂,𒍑𒁮
bunga,𒍑𒂵
bungu,𒍑𒂵
gala,𒍑𒆪
gidlam₃,𒍑𒊩𒁮
gitlam₃,𒍑𒊩𒁮
ŋidlam₃,𒍑𒊩𒁮
nidalam₃c,𒍑𒊩𒁮
nidlam₃,𒍑𒊩𒁮
nitalam₃,𒍑𒊩𒁮
ŋitlam₃,𒍑𒊩𒁮
nitlam₃,𒍑𒊩𒁮
uštu₂,𒍑𒌆𒉿
uštug₂,𒍑𒌆𒉿
kaš₃,𒍒
kisi,𒍒
dan₆,𒍕
tan₆,𒍕
ušumₓ,𒍘
utudi,𒍙
utuki,𒍙
ud₅,𒍚
uda₅,𒍚
us₃,𒍚
ut₅,𒍚
uz₃,𒍚
uza₃,𒍚
uzud,𒍚
guana,𒍚𒆜
qablu,𒍛
šer₄,𒍜
šeru,𒍜
šir₄,𒍜
širam,𒍜
širim,𒍜
širu,𒍜
širum,𒍜
usuₓ,𒍜
uzu,𒍜
x,X
n,X
sa₃,𒍝
ṣa,𒍝
za,𒍝
zagga₂,𒍝
zannaruₓ,𒍝𒀭𒈽
nir₂,𒍝𒂆
nir₇,𒍝𒂇
gagₓ,𒍝𒄢
gug,𒍝𒄢
guq,𒍝𒄢
nir₅,𒍝𒅁
geštaeₓ,𒍝𒆳
gištaʾe₂,𒍝𒆳
gištaʾi₂,𒍝𒆳
ŋeštae₂,𒍝𒆳
nira₂,𒍝𒆳
zagindur,𒍝𒆳𒀀
suba₂,𒍝𒈹
šub₈,𒍝𒈹
šuba₂,𒍝𒈹
zanaru₂,𒍝𒈹
zannaru₂,𒍝𒈹
sugal₂,𒍝𒈹𒀕
zabala₂,𒍝𒈹𒀕
zabalam₂,𒍝𒈹𒀕
suba,𒍝𒈽
šub₇,𒍝𒈽
šuba,𒍝𒈽
sugal,𒍝𒈽𒀕
unu₁₁,𒍝𒈽𒀕
zabala,𒍝𒈽𒀕
zabalam,𒍝𒈽𒀕
nir₃,𒍝𒉏
nira₃,𒍝𒉏
nir₄,𒍝𒋢
geštae,𒍟
gištae,𒍟
gištaʾe,𒍟
gištaʾi,𒍟
ŋeštae,𒍟
ad₄,𒍞
addu₄,𒍞
za₇,𒕆
bute,𒍠
buti,𒍠
butu,𒍠
en₇,𒍠
puta,𒍠
pute,𒍠
puti,𒍠
putu,𒍠
sak₆,𒍠
ṣak,𒍠
za₃,𒍠
zag,𒍠
zak,𒍠
zaq,𒍠
zik₀,𒍠
usug,𒍠𒀭
uzug,𒍠𒀭
būdu,𒍠𒄩
enku,𒍠𒄩
enkud,𒍠𒄩
essad,𒍠𒄩
ešsad,𒍠𒄩
eššad,𒍠𒄩
se₂₀,𒍢
si₂₀,𒍢
ṣe,𒍢
ṣi,𒍢
ze₂,𒍢
zi₂,𒍢
se₂,𒍣
si₂,𒍣
ṣe₂,𒍣
ṣi₂,𒍣
ze,𒍣
zi,𒍣
zid,𒍣
zig₃,𒍣
ballatu,𒍣𒈨𒌋𒌋𒌋
suluhu₃,𒍤𒆸
sulumhi₃,𒍤𒆸
zukum,𒍤𒆸
zuluhu₃,𒍤𒆸
zulumhi₃,𒍤𒆸
šub₅,𒍤𒆸
aški,𒍤𒆸
gin₄,𒍤𒆸
gug₄,𒍤𒆸
lamahuš,𒍤𒆸
mud₇,𒍤𒆸
numun₂,𒍤𒆸
haš₂,𒍨
heš₂,𒍨
hiš₂,𒍨
ṣib₂,𒍨
zaq₄,𒍨
zeb₂,𒍨
zib₂,𒍨
zig,𒍨
zik,𒍨
ziq,𒍨
ziqi,𒍨
ziz₂,𒍩
ka₁₄,𒍪
ki₆,𒍪
su₂,𒍪
ṣu₂,𒍪
zu,𒍪
absu,𒍪𒀊
abzu,𒍪𒀊
zu₅,𒍫
azu,𒍬
ušbar₂,𒍬
ušbur₂,𒍬
uzu₂,𒍬
zabar₂,𒍭
zubur,𒍭
garig,𒍮
gazum₂,𒍮
hal₂,𒍮
haš₄,𒍮
ri₄,𒍮
rig₂,𒍮
riŋ₂,𒍮
rik₂,𒍮
riq₂,𒍮
sim₅,𒍮
su₁₄,𒍮
sum₂,𒍮
šu₁₅,𒍮
ṣim,𒍮
ṣu,𒍮
ṣum,𒍮
zu₃,𒍮
zum,𒍮
gazumₓ,𒍮𒆸
2gur,𒋰
2(aš),𒐀
2(aš@c),𒐀
2(iku),𒐀
3gur,𒐺
3(aš),𒐁
3(aš@c),𒐁
3(iku),𒐁
4gur,𒐽
4limmu,𒐼
4(aš),𒐂
4(aš@c),𒐂
4(iku),𒐂
5gur,𒀼𒋰
5(aš),𒐃
5(aš@c),𒐃
5(iku),𒐃
6gur,𒑀
6(aš),𒐄
6(aš@c),𒐄
7gur,𒑁
7(aš),𒐅
7(aš@c),𒐅
8gur,𒑅
8(aš),𒐆
8(aš@c),𒐆
9gur,𒑇
9(aš),𒐇
9(aš@c),𒐇
3(aš@v),𒐺
3(aš@v@c),𒐺
3(aš)@v,𒐻
3(aš@c)@v,𒐻
3(iku)@v,𒐻
4(aš@v),𒐽
4(aš@v@c),𒐽
6(aš@v),𒑀
6(aš@v@c),𒑀
7(aš@v),𒑁
7(aš@v@c),𒑁
2(aš@t),𒑊
2(aš@t@c),𒑊
3(aš@t),𒑋
3(aš@t@c),𒑋
4(aš@t),𒑌
4(aš@t@c),𒑌
5(aš@t),𒑍
5(aš@t@c),𒑍
6(aš@t),𒑎
6(aš@t@c),𒑎
ban₂,𒑏
banda₂,𒑏
1(ban₂),𒑏
1(ban₂@c),𒑏
ban₂@c,𒑏
ban₂@v,𒑏
2(ban₂),𒑐
2(ban₂@c),𒑐
bamen,𒑐
bamin,𒑐
banmin,𒑐
3(ban₂),𒑑
3(ban₂@c),𒑑
4(ban₂),𒑒
4(ban₂@c),𒑒
5(ban₂),𒑔
5(ban₂@c),𒑔
4(ban₂@v),𒑓
4(ban₂@v@c),𒑓
4(ban₂)@v,𒑓
4(ban₂@c)@v,𒑓
5(ban₂)@v,𒑕
5(ban₂@c)@v,𒑕
5(ban₂@v),𒑕
5(ban₂@v@c),𒑕
burʾu,𒐴
burʾu@c,𒐴
1(burʾu),𒐴
1(burʾu@c),𒐴
2(burʾu),𒐵
2(burʾu@c),𒐵
3(burʾu),𒐶
3(burʾu@c),𒐶
4(burʾu),𒐸
4(burʾu@c),𒐸
5(burʾu),𒐹
5(burʾu@c),𒐹
3(burʾu)@v,𒐷
3(burʾu@c)@v,𒐷
2(šar₂),𒐣
2(šar₂@c),𒐣
3(šar₂),𒐤
3(šar₂@c),𒐤
4(šar₂),𒐦
4(šar₂@c),𒐦
5(šar₂),𒐧
5(šar₂@c),𒐧
6(šar₂),𒐨
6(šar₂@c),𒐨
7(šar₂),𒐩
7(šar₂@c),𒐩
8(šar₂),𒐪
8(šar₂@c),𒐪
9(šar₂),𒐫
9(šar₂@c),𒐫
3(šar₂)@v,𒐥
3(šar₂@c)@v,𒐥
1(šaru),𒐬
1(šaru@c),𒐬
1(šarʾu@c),𒐬
2(šaru),𒐭
2(šaru@c),𒐭
2(šarʾu),𒐭
2(šarʾu@c),𒐭
3(šaru),𒐮
3(šaru@c),𒐮
3(šarʾu),𒐮
3(šarʾu@c),𒐮
4(šaru),𒐰
4(šaru@c),𒐰
4(šarʾu),𒐰
4(šarʾu@c),𒐰
5(šaru),𒐱
5(šaru@c),𒐱
5(šarʾu),𒐱
5(šarʾu@c),𒐱
3(šaru)@v,𒐯
3(šaru@c)@v,𒐯
3(šarʾu)@v,𒐯
3(šarʾu@c)@v,𒐯
3(diš),𒐈
3(diš@c),𒐈
4(diš),𒐉
4(diš@c),𒐉
limmu₅,𒐉
limu₅,𒐉
4(barig),𒐉
nigidalimmu,𒐉
4(barig@c),𒐉
4(bariga),𒐉
4(bariga@c),𒐉
nilimmu,𒐉
5(diš),𒐊
5(diš@c),𒐊
i₂,𒐊
ia₂,𒐊
6(diš),𒐋
6(diš@c),𒐋
aš₃,𒐋
aša₃,𒐋
ašša₃,𒐋
dešaₓ,𒐋
7(diš),𒐌
7(diš)@v,𒑂
7(diš@c)@v,𒑂
iminₓ,𒑃
7(diš)@v~b,𒑃
7(diš@c)@v~b,𒑃
8(diš),𒐍
8(diš@c),𒐍
usa,𒐍
elimmuₓ,𒐎
ilimₓ,𒐎
ilimmuₓ,𒑉
9(diš)~d,𒐎
9(diš@c)~a,𒐎
9(diš)@v~a,𒑇
9(diš@c)@v~a,𒑇
ilimmu₃,𒑇
9(diš)@v,𒑈
9(diš@c)@v,𒑈
ilimmu₄,𒑈
9(diš@v),𒑉
9(diš@v@c),𒑉
1(eše₃),𒑘
1(eše₃@c),𒑘
eše₃@c,𒑘
2(eše₃),𒑙
2(eše₃@c),𒑙
1(geš₂),𒐕
1(geš₂@c),𒐕
geš₂@c,𒐕
ŋeš₂@c,𒐕
2(geš₂),𒐖
2(geš₂@c),𒐖
3(geš₂),𒐗
3(geš₂@c),𒐗
4(geš₂),𒐘
4(geš₂@c),𒐘
5(geš₂),𒐙
5(geš₂@c),𒐙
6(geš₂),𒐚
6(geš₂@c),𒐚
7(geš₂),𒐛
7(geš₂@c),𒐛
8(geš₂),𒐜
8(geš₂@c),𒐜
9(geš₂),𒐝
9(geš₂@c),𒐝
1(gešu),𒐞
1(gešu@c),𒐞
1(gešʾu),𒐞
1(gešʾu@c),𒐞
gešʾu,𒐞
ŋešʾu,𒐞
ŋešʾu@c,𒐞
2(gešu),𒐟
2(gešu@c),𒐟
2(gešʾu),𒐟
2(gešʾu@c),𒐟
3(gešu),𒐠
3(gešu@c),𒐠
3(gešʾu),𒐠
3(gešʾu@c),𒐠
4(gešu),𒐡
4(gešu@c),𒐡
4(gešʾu),𒐡
4(gešʾu@c),𒐡
5(gešu),𒐢
5(gešu@c),𒐢
5(gešʾu),𒐢
5(gešʾu@c),𒐢
limmu₃,𒐏
limu₃,𒐏
nimin,𒐏
nimina,𒐏
nin₅,𒐏
nina₄,𒐏
šanabaku₂,𒐏
šanabi₂,𒐏
4(u),𒐏
4(u@c),𒐏
4(bur₃),𒐏
4(bur₃@c),𒐏
5(u),𒐐
5(u@c),𒐐
5(bur₃),𒐐
5(bur₃@c),𒐐
6(u),𒐑
6(u@c),𒐑
6(bur₃),𒐑
7(u),𒐒
7(u@c),𒐒
7(bur₃),𒐒
8(u),𒐓
8(u@c),𒐓
8(bur₃),𒐓
9(u),𒐔
9(u@c),𒐔
9(bur₃),𒐔
1/8,𒑟
1/4,𒑢
1/4(iku),𒑠
1/6,𒑡
/,𒑰
:,𒑱
:",𒑲
:.,𒑳
::,
1,𒁹
2,𒈫
3,𒐈
4,𒐉
5,𒐊
6,𒐋
7,𒐌
8,𒐍
9,𒑆
10,𒌋
11,𒌋𒁹
12,𒌋𒈫
13,𒌋𒐈
14,𒌋𒐉
14gur,𒌋𒐽
15,𒌋𒐊
16,𒌋𒐋
17,𒌋𒐌
18,𒌋𒐍
19,𒌋𒑆
20,𒌋𒌋
21,𒌋𒌋𒁹
22,𒌋𒌋𒈫
23,𒌋𒌋𒐈
24,𒌋𒌋𒐉
25,𒌋𒌋𒐊
26,𒌋𒌋𒐋
27,𒌋𒌋𒐌
28,𒌋𒌋𒐍
29,𒌋𒌋𒑆
30,𒌍
31,𒌍𒁹
32,𒌍𒈫
33,𒌍𒐈
34,𒌍𒐉
35,𒌍𒐊
36,𒌍𒐋
37,𒌍𒐌
38,𒌍𒐍
39,𒌍𒑆
40,𒐏
41,𒐏𒁹
42,𒐏𒈫
43,𒐏𒐈
44,𒐏𒐉
45,𒐏𒐊
46,𒐏𒐋
47,𒐏𒐌
48,𒐏𒐍
49,𒐏𒑆
50,𒐐
51,𒐐𒁹
52,𒐐𒈫
53,𒐐𒐈
54,𒐐𒐉
55,𒐐𒐊
56,𒐐𒐋
57,𒐐𒐌
58,𒐐𒐍
59,𒐐𒑆
60,𒐕
61,𒐕𒁹
62,𒐕𒈫
63,𒐕𒐈
64,𒐕𒐉
65,𒐕𒐊
66,𒐕𒐋
67,𒐕𒐌
68,𒐕𒐍
69,𒐕𒑆
70,𒐕𒌋
71,𒐕𒌋𒁹
72,𒐕𒌋𒈫
73,𒐕𒌋𒐈
74,𒐕𒌋𒐉
75,𒐕𒌋𒐊
76,𒐕𒌋𒐋
77,𒐕𒌋𒐌
78,𒐕𒌋𒐍
79,𒐕𒌋𒑆
80,𒐕𒌋𒌋
81,𒐕𒌋𒌋𒁹
82,𒐕𒌋𒌋𒈫
83,𒐕𒌋𒌋𒐈
84,𒐕𒌋𒌋𒐉
85,𒐕𒌋𒌋𒐊
86,𒐕𒌋𒌋𒐋
87,𒐕𒌋𒌋𒐌
88,𒐕𒌋𒌋𒐍
89,𒐕𒌋𒌋𒑆
90,𒐕𒌍
91,𒐕𒌍𒁹
92,𒐕𒌍𒈫
93,𒐕𒌍𒐈
94,𒐕𒌍𒐉
95,𒐕𒌍𒐊
96,𒐕𒌍𒐋
97,𒐕𒌍𒐌
98,𒐕𒌍𒐍
99,𒐕𒌍𒑆
100,𒁹𒈨
1+pi,𒁹
2+pi,𒑖
3+pi,𒑗
4+pi,𒐉
1+ban₂,𒑏
2+ban₂,𒑐
3+ban₂,𒑑
4+ban₂,𒑒
5+ban₂,𒑔
d+en,𒀭+𒂗
d+innin,𒀭+𒈹
d+nà,𒀭+𒀝
d+ag,𒀭+𒀝
1+en,𒁹+𒂗
1000,𒁹𒅆
250,𒈫𒈨𒐐
200,𒈫𒈨
240,𒈫𒈨𒐏
1500,𒁹𒅆𒐊𒈨
107,𒁹𒈨𒐌
122,𒁹𒈨𒌋𒌋𒈫
315,𒐈𒈨𒌋𒐊
106gur,𒁹𒈨𒑀
40000,𒐏𒅆
220,𒈫𒈨𒌋𒌋
115,𒁹𒈨𒌋𒀼𒋰
620,𒐋𒁹𒈨𒌋𒌋
640,𒐋𒁹𒈨𒐏